Name1,Name2,Name3,Price,Discount,Link
КОЛБАСА МАДЕРА С/К В/С 1КГ,,,27.59,21.99,/upload/iblock/f28/pfhi9lkicpw86cuya0yl1jdznwi2tn6l.jpg
Балычок СЛОНИМСКИЙ к/в 1 кг Слонимский МК,,,23.19,15.99,/upload/iblock/b2f/bdwucdz12xcc0tzmje4m0vnzztbgnagl.jpg
ВЕТЧИНА БЕЛОВЕЖСКАЯ СВ.К/В В/У 1КГ,Ветчина БЕЛОВЕЖСКАЯ к/в 1 кг Славянский МК,,19.19,12.99,/upload/iblock/b51/pn8tmi4vcv3decf5fa3ye31ihdvgxlk9.jpg
Ветчина БАЛЕРОН 1 с 1 кг Витконпродукт,,,11.99,8.99,/upload/iblock/90b/apcr85s7s8bybokrrk82toj7yvz9zgow.jpg
КОЛБАСА ВАР.МОРТАД.ПРЕМ.СУС.МАЕН.В/С 1КГ,,,7.49,6.49,/upload/iblock/730/aca5ycgzcc43b5mypsv0zepn44xt9sfd.jpg
Колбаса Тминная Новая 1с варено-копченая в вакуме 1кг,Колбаса Тминная Новая 1с варено-копченая 1кг,,11.99,9.99,/upload/iblock/f47/ynbi1rgp79qp6kv9r226g869o0wandwd.jpg
РУЛЕТ ЛЮБИМЫЙ М/ПТ К/В В/С 1КГ,Рулет ЛЮБИМЫЙ м/пт к/в в/с 1 кг Витконпродукт,,14.69,12.49,/upload/iblock/fb8/hxg6fdgrnn7h8gcjgscgxcywkfmd6kg1.jpg
Вырезка Юбилейная сырокопченая 1кг,,,24.79,20.99,/upload/iblock/947/1hyk8uuu29glvb67gozc5d893l8tnmy6.jpg
П/Ф ЗРАЗЫ ИЗ СВИН.С ГРИБ.ВЕС.1КГ ПР.ЦЕХ,П/Ф ЗРАЗЫ ИЗ СВИН.С ГРИБ.ФАС.1КГ ПР.ЦЕХ,П/Ф ЗРАЗЫ СВИН.С ГРИБАМИ 1КГ ПР.ЦЕХ,10.99,9.69,/upload/iblock/f94/qril5b51lwevuyrfiypuzq4tputsux34.jpg
П/Ф ШАШЛЫК СВИН.ШЕИ С ТОМ.ВЕС.1КГ ПР.ЦЕХ,П/Ф ШАШЛЫК СВИН.ШЕИ С ТОМ.ФАС.1КГ ПР.ЦЕХ,П/ф ШАШЛЫК из свиной шеи с томатами 1 кг,19.99,15.49,/upload/iblock/c77/y84ugi80ihcy70skk9f009i3unmx7x3e.jpg
П/Ф КОРЕЙКА В АПЕЛЬС.МАР.ВЕС.1КГ ПР.ЦЕХ,П/Ф КОРЕЙКА В АПЕЛЬС.МАР.ФАС.1КГ ПР.ЦЕХ,П/ф КОРЕЙКА в апельсиновом маринаде 1 кг,16.99,14.69,/upload/iblock/794/tdwfun96rs9kmbdx7y24nuggzfv79vxr.jpg
П/Ф КОТЛЕТЫ РУБЛ.ИЗ ПТИЦЫ ВЕС.1КГ ПР.ЦЕХ,П/Ф Котлеты Рубленые из Птицы 1кг,П/ф КОТЛЕТЫ рубленые из птицы 1 кг,8.99,7.99,/upload/iblock/e38/7atwp152ub5uv5tfvwr6wym4opb74huc.jpg
П/Ф ФАРШ СВИНОЙ ОХЛ.ВЕС.1КГ ПР.ЦЕХ,П/ф фарш СВИНОЙ 1 кг,П/Ф Фарш Свиной охл. 1кг,10.99,9.99,/upload/iblock/7f8/velxcdju7456t6gqptz2l54f7iw1q800.jpg
П/Ф ШАШЛЫК СЕМЕЙНЫЙ ОХЛ.ВЕС.1КГ ПР.ЦЕХ,П/ф шашлык СЕМЕЙНЫЙ из куриной грудки 1 кг,П/ф шашлык СЕМЕЙНЫЙ 1 кг,9.99,7.99,/upload/iblock/cfb/xw641i3me7343tiz0ure3f6gu9qben9y.jpg
П/Ф ШАШЛЫК СОСЕДИ ОХЛ.ВЕС.1КГ ПР.ЦЕХ,П/Ф ШАШЛЫК СОСЕДИ ОХЛ.ФАС.1КГ ПР.ЦЕХ,П/ф шашлык СОСЕДИ 1 кг,13.99,11.99,/upload/iblock/cd5/v0gz03mooyic7ujko3pk4xqoztfrikwo.jpg
П/Ф СВИН.Д/ОТБИВ.ПО-ОСОБЕННОМУ ОХЛ.1КГ,П/ф свинина ДЛЯ ОТБИВНЫХ 1 кг,,17.99,14.99,/upload/iblock/b48/pwqdgx0zs7w8x3i4biptbqt9na548mh5.jpg
П/ф колбаски ДЛЯ ПИКНИКА 1 кг,П/Ф Колбаски для Пикника охл. 1кг,,10.99,9.69,/upload/iblock/f5f/fk5wbbpl6kfhz5hkp5bgj3x0ey946w8q.jpg
П/Ф Колбаски Французкие с Горчицей охл. 530г,П/Ф Колбаски Баварские с тмином охл. 530г,"П/ф Колбаски PRO GRILL из птицы с сулугуни, Баварские с тмином, Итальянские с базиликом 530 г",6.99,5.99,/upload/iblock/d47/ytmz6ylmi3dbvl51ncn5gks2jks3boks.jpg
П/Ф КОЛБАСКИ из птицы с соусом чили манго 430 г,,,5.99,4.99,/upload/iblock/8fb/v8xkke89stxh9h35jt78idanf1j6wlgc.jpg
П/ф стейк из говядины ГИРОС 1 кг,,,19.99,16.99,/upload/iblock/81b/zaz72dzu23y9tzpee1y9xanrhzrx4bt0.jpg
Котлета БАБУШКИНА 1 кг,Котлета Бабушкина 1кг,,13.99,10.99,/upload/iblock/5a5/z43hcd9hsthjo490m9xrvythex3wuld5.jpg
Салат Фламинго 1кг,,,11.99,9.99,/upload/iblock/b7a/86ahaef8e6dnsoxjpfz9o3rp3wb7hw7v.jpg
ХОЛОДНИК со шпинатом и яйцом 400 г,ХОЛОДНИК СО ШПИНАТОМ/ЯЙЦОМ ТУ 400Г,,3.39,2.69,/upload/iblock/875/8gabadvjo4z8xy3lago9pgqv3h5ldg78.jpg
РОЛЛ С КАРТОФЕЛЕМ/ГРИБАМИ 80Г,РОЛЛ С КАПУСТОЙ 80Г,,1.99,1.89,/upload/iblock/845/pk6h0t79i42498ngehouilx2f14am64y.jpg
Салат ФЛАМИНГО 1 кг,,,11.99,9.99,/upload/iblock/97a/8glzx2zb8ey6xp4am1dxg40kr2svrrls.jpg
КАБАЧКИ фарш.мясом 1 кг пр.цех,,,13.99,9.99,/upload/iblock/a31/lkh5faleo37l3nj36668dh19g3sikbfk.jpg
ОЛАДЬИ с яблоками 1 кг,,,4.99,3.99,/upload/iblock/f1c/blau2zqicfczin2ytt2erh6gv22fd81w.jpg
Буррито с Ветчиной и Сыром 156г,,,3.49,2.99,/upload/iblock/6dc/dn120trhiq5l2tywzdzebs3btzcbs2nf.jpg
Рыба весовая МОЙВА х/к н/р 1 кг,,,19.99,16.99,/upload/iblock/933/mxw50knhbbqkjeqxxgv6yzewi0gjg5g8.jpg
ХРЕБТЫ ЛОСОСЯ г/к 1 кг,,,18.99,15.99,/upload/iblock/a52/5zoo5v9428q393q9883b1g9332gfuykn.jpg
БРЮШКИ ЛОСОСЯ ТЕША сл/с 1 кг,,,19.99,17.99,/upload/iblock/6e0/27wiijh9pqgw3hhcnkwzp60huv7jkwmf.jpg
КОКТЕЙЛЬ МОРСКОЙ из морепродуктов св/м 1 кг фас.,,,13.99,11.99,/upload/iblock/a90/2smmm8cxhgtm2d0k8t8j9cu3qbfd504l.jpg
МИНТАЙ DEL MARE б/г 1 кг св/м фас.,,,6.54,5.99,/upload/iblock/0af/ri67v93ele1gielfztqu98aoh2eg1uho.jpg
Рыба вес. КОРЮШКА х/к н/р в/с 1 кг,,,21.99,18.99,/upload/iblock/e92/kn7kxf3za6sjmgajwu5d26ulab342o30.jpg
МИНТАЙ DEL MARE б/г 1 кг св/м вес.,,,6.15,5.79,/upload/iblock/794/iy5csiapgl7clm7x5921kc0hbb3o83oj.jpg
РЫБА ВЕС.СВ/М ХЕК ТИХООКЕАНСКАЯ 1КГ,,,15.15,13.99,/upload/iblock/67b/ueg8whnaw6hny1qygkulky2b8fh570ri.jpg
Рыба весовая СЕЛЬДЬ сол.жирн. н/р в/с 1 кг 1 кг,,,7.99,6.99,/upload/iblock/460/wht0jsbheox7un1m9ef6p39dl7jtiyle.jpg
Креветки королевские ВИЧИ 50/70 в/м 1кг,,,42.99,27.99,/upload/iblock/7b9/x93lzbye9w0xd7abho1yb81i4b98oqvw.jpg
Конфеты УМНЫЙ ВЫБОР 1 кг,,,16.75,14.99,/upload/iblock/36f/yxsogvnj7ye1ptit001pjgbzlj56pien.jpg
Хлеб Паланга светлый 300г,,,1.29,1.09,/upload/iblock/e7e/b06efocg1egm9lrhyxwhg9tyvpg7xekt.jpg
БУЛКА ХАЛА 340Г,,,1.99,1.79,/upload/iblock/edf/38yaoaanli7tiw2nvbuyuej2w2rujvg9.jpg
Пирог маковый СМАКАТА 450 г,,,4.49,3.59,/upload/iblock/f5e/45mxl4prkk95aokqba8y5l93wfnopj89.jpg
СДОБА ЧАЙНАЯ С ТВОРОГОМ 280Г,,,1.09,0.69,/upload/iblock/b69/0wptwnxcfw6ju3itl0bt2ev0gr2y83qb.jpg
ХЛЕБ СЕЛЯНСКИЙ НА ЗАКВАСКЕ 400Г,,,1.99,1.79,/upload/iblock/829/3uz76k4axmy3w338cyqp3jg2lp08ppn6.jpg
Торт Lavanda 1 кг,,,19.99,16.99,/upload/iblock/fd8/kj793l8mi9e9arzultwbh9q1yof3vpym.jpg
Персик ПАРАГВАЙ 1 кг,,,12.29,8.99,/upload/iblock/436/vmvupu85x5rofm50l196aymk23urrkz8.jpg
СМЕСЬ ВЕС.СВ/М ИСПАНСКОЕ БЛЮДО 1КГ,,,7.99,6.39,/upload/iblock/bf4/idjzu732uzv403x9zy4pbdnj6dakifg4.jpg
НЕКТАРИН 1 кг,,,7.99,6.49,/upload/iblock/55f/3f8lao0mhrg7xw27ttpmabl61ppcdu2y.jpg
Конфеты КРАСНАЯ ШАПОЧКА 1 кг,,,16.39,14.99,/upload/iblock/135/cv6y8is1d6o29ng0hp9xcplvqy3dsgq6.jpg
ВАФЛИ ВЕС.НЯМ-НЯМКА СО ВК.ШОКОЛАДА 1КГ,,,9.99,8.99,/upload/iblock/f43/jit0lqdg5kxdfiz9d3icb0yhx2tb1pqo.jpg
ПЕЧЕНЬЕ ВЕС.КОЛЬЦО С СЕМ.ЛЬНА/КУНЖ.1КГ,,,15.99,14.39,/upload/iblock/91c/3ua0r0kmz420kkwrryp1qfajcw3rox09.jpg
Печенье СГУЩЕНКИНО РАЗДОЛЬЕ 1 кг,,,9.99,8.99,/upload/iblock/574/793oroxdxvkubc6m8mygx2je0i6w2bdq.jpg
КАРАМЕЛЬ ВЕС.ЧУПА ЧУПС МИНИ АССОРТИ 1КГ,,,22.99,19.99,/upload/iblock/6dd/y009hw1h3bk1xv7t0n811130q7ftwmqp.jpg
ПЕЧЕНЬЕ ВЕС.ЗАДУМКА КЛУБ.СО СЛИВКАМИ 1КГ,,,12.99,11.69,/upload/iblock/559/xy1cgqkouwai3u262j3irlppie20y04c.jpg
КОНФЕТЫ ВЕС.КОРОВКА 1КГ,,,11.09,9.99,/upload/iblock/7ad/1ttdiqe6ctezqmydwbgi05644o9a3u1c.jpg
КОЗИНАК ВЕС.МИКС 1 КГ,,,13.49,12.49,/upload/iblock/946/ise1vc6j9id71cgskmgjw8xp3nhyqzpk.jpg
Карамель УМНЫЙ ВЫБОР ассорти 1 кг,,,11.99,10.99,/upload/iblock/84d/88obe2rfr1a8z83u7d9agrjhc0k8o2lo.jpg
Зефир УМНЫЙ ВЫБОР бело-розовый 1 кг,,,8.69,6.99,/upload/iblock/52c/zweyerblsap80w36sgmnbsrrwlaaopbu.jpg
ТРУБОЧКИ ВАФ.ВЕС.ЗНАК ВКУСА В КОК.ГЛ.1КГ,,,27.05,18.99,/upload/iblock/666/p4fahld37m2ci9mn87q12tf6twdiot89.jpg
ПЕЧЕНЬЕ ВЕС.ЗНАК ВКУСА ШОК/АРАХИС 1КГ,,,17.59,12.49,/upload/iblock/e1f/hfy630grow6ddnznlhcifo542oe6nb8f.jpg
Зефир КРАСНЫЙ ПИЩЕВИК ванильный в шоколаде 1 кг,,,15.15,11.99,/upload/iblock/fba/zfis1emiztgrio90xm54ygd09iux8zcf.jpg
Конфеты ALVADO вкус какао и шоколада 1 кг,,,16.95,13.99,/upload/iblock/bed/k22z0g3ebzli1fvepbqprv8zkf0e88m0.jpg
Торт LAVANDA Трюфель 1 кг,,,25.99,21.99,/upload/iblock/29f/zedrntkxaxqmxl5sqj45go3ris178nqr.jpg
ПРЯНИКИ ВЕС.ИМБИРНОЕ ТВОРОЖН.ВКУС 1КГ,,,12.85,7.99,/upload/iblock/f68/ply0xc20yfd9aiti2qa1dtxt4ljjcb8d.jpg
ИРИС ВЕС.МЕЛЛЕР ШОК.1КГ,,,22.99,19.99,/upload/iblock/d3e/9rsfd9m0adqwpmlpbw0uto155wbb2q93.jpg
КОНФЕТЫ ВЕС.СНИКЕРС МИНИ 1КГ,,,25.89,21.99,/upload/iblock/029/p8sqank1er71apvbp9os2l0jmn70zdzv.jpg
КОНФЕТЫ ВЕС.ЛЮБИМ.АЛЕНКА ВК.ПЕЧЕНЬЯ 1КГ,,,13.39,10.59,/upload/iblock/427/ev688iysje0fo9h4o3crm2kcw98pf5o3.jpg
РЕЗ.ЖЕВ.ЭКЛИПС ЛЕД.СВЕЖЕСТЬ 13.6Г,,,1.29,1.19,/upload/iblock/a40/ucywr0zgfo7aye3k5oo792xzck8r16u5.jpg
БАТОНЧИК ШОК.НЕСКВИК 43Г,,,1.49,1.19,/upload/iblock/4da/s62oaltq9arwl719spbxfihcapdgcn62.jpg
РЕЗ.ЖЕВ.ОРБИТ БЕЛОСНЕЖН.СПИРМИНТ XXL 20Г,,,1.69,1.39,/upload/iblock/529/9xqvd4pdsljl105lun20lr896rb5fiax.jpg
ЯЙЦО ШОК.ШОКИ-ТОКИ ДИСНЕЙ ТАЧКИ 20Г,Яйцо шоколадное Шоки-Токи Турбозавры с Игрушкой 20г,,3.69,3.29,/upload/iblock/446/n6lj3j6esdb3gt4nzjat1xxopync61dm.jpg
НАП.КОФ.НЕСКАФЕ КЛАССИК ЛАТТЕ 18Г,НАП.КОФ.НЕСКАФЕ КЛАССИК КАППУЧИНО 18Г,,1.19,0.89,/upload/iblock/50f/f47haty3bkeq1vhiyozbnbyevhle19w8.jpg
РЕЗ.ЖЕВ.МЕНТОС СО ВК.ВИНОГРАДА 54Г,РЕЗ.ЖЕВ.МЕНТОС СО ВК.АРБУЗА 54Г,,4.99,3.99,/upload/iblock/aba/oyv6vvz4tt8bgf1iqxr2eqnolm2xr2cy.jpg
ЯЙЦО ШОК.ШОКИ-ТОКИ С ИГР.20Г,,,3.69,3.29,/upload/iblock/eb7/k2d1gyngff5tr22fku29w0k22p71huqv.jpg
Палочки крабовые СНЕЖНЫЙ КРАБ 150 г,,,3.55,3.19,/upload/iblock/3f1/657kio76nvlfenwnap3sw6w2syro1jcm.jpg
Крем ДАВ питательный 150 мл,,,13.79,10.99,/upload/iblock/ddd/nqft5qj5m8sqadv68111gxr99874eztk.jpg
Крендельки ПОСОЛЬСКИЕ 130 г,Крендельки &quot;Посольские&quot; сладкие,,1.75,1.49,/upload/iblock/86e/fga2ny9t0wym3j08m88o2nauc5qwd46o.jpg
Чай ПРИНЦЕССА НУРИ цейлонский букет 100 г,,,4.49,3.49,/upload/iblock/0eb/1v6m4cp1ewy7025vh3nx6k0atxkl6ia5.jpg
АКВАРЕЛЬ 12 цветов,АКВАРЕЛЬ ТАЧКИ 12ЦВ.Б/КИСТИ 4846907,,5.99,3.99,/upload/iblock/c32/jwz8822y7wzxma2cm0evzmx9tyv9ag7o.jpg
Освежитель воздуха ЛИС 300 мл,ОСВЕЖ.ВОЗД.ЛИС КЛАБ ЛЕС ПОСЛ.ДОЖДЯ 300МЛ,ОСВЕЖ.ВОЗД.ЛИС КЛАБ ГОРНЫЙ ВОЗДУХ 300МЛ,3.89,2.99,/upload/iblock/6dd/6thit3ie4oklh5ost68gk60s4lgh8uap.jpg
Кофе молотый ЛАВАЦЦА КУАЛИТА ОРО 250 г,,,19.99,13.99,/upload/iblock/0dd/rowkm8dtmvdrge5tyv22nht9jsfydm2h.jpg
Трюфели КОММУНАРКА 300 г,Конфеты ЛЮБИМАЯ АЛЕНКА 300 г,,9.79,8.99,/upload/iblock/735/a5qrbo9ywpotp68fhvax8vcwyh540ohf.jpg
ЛИПАРИС сол/суш 40 г,,,3.69,3.29,/upload/iblock/d11/sq3vhktyhetfx33nyjj1ezqhj72jlv4a.jpg
Шоколад КИТ КАТ 112 г,,,3.79,3.59,/upload/iblock/da9/uo7u3hykdr6f0b0vnc1ecrmsj399sntb.jpg
Печенье ДЫМКА курабье 270 г,,,3.99,3.59,/upload/iblock/c11/cbbp131l9fr8nmd2i6sqdake1nqmrm8u.jpg
Палочки рыбные РЫБОК 400 г,,,7.19,4.99,/upload/iblock/98b/9gsba7as877u6hktti50zt749z52auvr.jpg
Персики ЗОЛОТОЙ ГЛОБУС в сиропе 850 г,,,8.99,7.89,/upload/iblock/38c/hn1p8384sytyd0a4f1f2g9k4ks8z1v1l.jpg
Паста АТЛАНТИК ФИШ скумбрия 140 г,,,3.19,2.89,/upload/iblock/f30/5sugvivqcja0a0e2525mt3pnybs82dld.jpg
Щетка зубная КОЛГЕЙТ зигзаг,,,5.19,3.89,/upload/iblock/d1f/cjnltvxnyxtrzuqjsquvonb3d0aytiko.jpg
Печенье ЗАДУМКА с вареной сгущенкой 200 г,,,3.49,2.99,/upload/iblock/99f/uo373ekr127k3in6ok7032j0e2h44lqg.jpg
Трубочки вафельные СЛАДОНЕЖ 175 г,ТРУБОЧКИ ВАФ.СЛАДОНЕЖ СО СЛИВ.КРЕМ.175Г,,3.49,2.99,/upload/iblock/2d9/fo2wbnz72qfbzp2za6hrprp3dznkmy76.jpg
Набор плоских шампуров BOYSCOUT 6 шт,,,12.69,8.99,/upload/iblock/fb9/8y345zq2qoyqcb3gazexrpp8afs7gylj.jpg
"Нож для барбекю, лопатка, щипцы BOYSCOUT",ЩЕТКА Д/ЧИСТ.ГРИЛЯ НА ДЛИН.РУЧКЕ 45СМ,,17.99,7.99,/upload/iblock/1ee/mmli7zbz9gn6jy6g8fhtrlbub7ndxoof.jpg
Салат САМОЕ ВРЕМЯ оливье 150 г,,,2.15,1.89,/upload/iblock/2a9/h3fl2qas7wawpjtci7js1fau1hifss2i.jpg
ГОЛУБИКА 500 г,,,9.99,7.99,/upload/iblock/91a/3m1xfm0dxn230pla91uwa5siwwjmu0z9.jpg
КЛЕЙ-КАРАНДАШ 15 г,,,1.69,1.49,/upload/iblock/65d/1bho0rkjons9xlal7i1d4jaibhmxgmxd.jpg
ТЕТРАДЬ 12 л,ТЕТРАДЬ 12Л ОДНА ЛИНИЯ АССОР.Т5СК12 3519,,0.79,0.39,/upload/iblock/21c/kxgdky9u0lj6ala5o5oy37id666i7ajq.jpg
АЛЬБОМ для рисования 40 л,АЛЬБОМ Д/РИС.40Л.СКР.ВЕСЕЛ.КОРГИ 7859648,,6.99,3.99,/upload/iblock/069/isbpks216w2tvbdhvl248wz6fv4cpc1k.jpg
Батарейки ДЮРЕДЭЙ 4 шт,,,4.65,2.99,/upload/iblock/a20/8bzhk1ybx2d95xd0trgexr4aog0ymha2.jpg
Десерт мягкий с суфле ДАРЛЕТТО 108 г,ДЕСЕРТ МЯГКИЙ С СУФЛЕ ЧЕРНИКА 108Г,,2.99,2.69,/upload/iblock/f84/4h7jnnxmp9uxl23s7hbmn04ezao358sa.jpg
Какао-порошок КОММУНАРКА 150 г,,,3.29,2.55,/upload/iblock/a14/bg3i5tp3eoxv9su8q3up5ajnb180bx15.jpg
Биойогурт АКТИВИА 2% 140 г,БИОЙОГУРТ ВИШ/ЕЖЕВ/АМАР/ЧИА/БАЗ.2% 140Г,БИОЙОГ.АКТИВИА 2.2% КИВ/ЯБЛ/ЧИА 140Г,2.09,1.79,/upload/iblock/173/l5vqo2k5ixbbnzjhr1scolv1u8skkaws.jpg
Форшмак лососевый ОКЕАН В ПОДАРОК сл/с 200 г,,,4.99,3.99,/upload/iblock/e13/4ppln2qu9ug7hwllyfsf5gw9a02lp15v.jpg
"Оливки АЛЬВАДО черные, зеленые б/к 280 г",ОЛИВКИ АЛЬВАДО ЗЕЛ.Б/КОСТ.280Г,,2.99,2.49,/upload/iblock/2c8/1mg52avzd4333fsvwpi0e3x5qyc60fqu.jpg
Кофе растворимый НЕСКАФЕ КЛАССИК 95 г,,,10.25,6.99,/upload/iblock/d26/spm2q3e8bsoonczgt3cnsr7vicrg2h57.jpg
СЫР ПЛ.ПРЕЗИДЕНТ ЧИЗБУРГЕР 40% 150Г,Сыр плавленый Президент Чеддер 40% 150г,СЫР ПЛ.ПРЕЗИДЕНТ СЛИВОЧНЫЙ 40% 150Г,4.99,4.39,/upload/iblock/005/nhsnm3dv363z83fb82hnkakb17ubwvpl.jpg
МАЙОНЕЗ МР.РИККО ОЛИВКОВЫЙ 67% 375Г,МАЙОНЕЗ МР.РИККО ПРОВАНСАЛЬ 400МЛ,МАЙОНЕЗ МР.РИККО 67% ПЕР.ЯЙЦО Д/П 375Г,4.49,3.79,/upload/iblock/678/nwpc9pb8i7f8z6xyzri3npmnq03dixtm.jpg
КРЕКЕР ЗДРАВА ФРАНЦУЗСКИЙ ПРОВАНС 200Г,Крекер Здрава Французский 210г,,2.99,2.69,/upload/iblock/80a/zaj5soip0dww6f1emovocqoqomp8han4.jpg
ПЕЧЕНЬЕ СЛОДЫЧ ВАСИЛЬКОВЫЙ 100Г,,,0.95,0.79,/upload/iblock/264/8lqesago7zpudm9y6ysqjvhxycf09uzv.jpg
Форель ОКЕАН В ПОДАРОК кусочки без кожи 200 г,,,10.99,8.99,/upload/iblock/e31/cgis8gkt8n9guyy6r6z6btzd0fwjh3su.jpg
Пельмени МАРЬИНО 400 г,ПЕЛЬМЕНИ МАРЬИНО НЕЖНЫЕ МЯСН.400Г,,4.99,4.19,/upload/iblock/d27/qh8puztqzzd11f5bvldruedfbb3q0f60.jpg
Фасоль ГЛОБУС 400 г,ФАСОЛЬ ГЛОБУС БЕЛ.В ТОМ.СОУСЕ Ж/Б 400Г,,4.09,3.29,/upload/iblock/1eb/jk58ksj7i4dh9gklnre91fwy83rp2js8.jpg
Шампунь ДАВ 380 мл,ШАМПУНЬ ДАВ ОБЪЕМ/ВОССТ.380МЛ,ШАМПУНЬ ДАВ ЛАВАНД/РОЗМАРИН 380МЛ,16.65,11.99,/upload/iblock/b38/6uvgfht24tl5c8nciu8y1o1ne9669p8m.jpg
БАЛЬЗ.-ОПОЛ.ДАВ ИНТЕНСИВН.ВОССТАН.200МЛ,БАЛЬЗ.-ОПОЛ.ДАВ ОБЪЕМ/ВОССТАНОВ.200МЛ,,11.29,7.99,/upload/iblock/28b/nhifwmfr0v3b2kgixp8abkq9367mzp3s.jpg
Средство чистящее для унитаза BREF 50 г,СР-ВО ЧИСТ.Д/УНИТАЗА БРЕФ СВ.ЛАВАНДЫ 50Г,,6.99,4.69,/upload/iblock/2bd/b4wjvqxwftk3y5tur82mhlum0z9btph2.jpg
Мыло туалетное ДОКСА 150 г,МЫЛО ТУАЛ.ДОКСА ЕЖЕВИКА БЬЮТИ 150Г,МЫЛО ТУАЛ.ДОКСА МАНГО БЬЮТИ 150Г,1.95,1.69,/upload/iblock/047/d6td49i2ufpuuzx817mmf0132jrh0zgt.jpg
ЧАЙ ТЕСС ПЛЭЖА ЧЕРН.100Г,,,5.59,4.39,/upload/iblock/2f3/o0mmbghj2bq9xl6nm7ga73vct1l1ixy4.jpg
Печенье СЛОДЫЧ 430 г,ПЕЧЕНЬЕ СЛОДЫЧ ФИГУРНАЯ СМЕСЬ ПРЕМ.430Г,,4.25,3.39,/upload/iblock/cf1/meuqgozmhdzkewatflwbyol1vhg5whyx.jpg
Коктейль из морепродуктов САНТА БРЕМОР в заливке 180 г,Мидии в заливке САНТА БРЕМОР 180 г,,3.59,2.99,/upload/iblock/e49/4atd6a8dhdwhstafi1gxo6xcwgsxt8b4.jpg
ВОДА ПИТ.БОНАКВА ПЛЮС СР/ГАЗ.1.5Л,"Вода БОНАКВА 1,5 л",ВОДА ПИТ.БОНАКВА СИЛ/ГАЗ.1.5Л,1.69,1.39,/upload/iblock/612/unbsxfdxelbonk1f3czd0tv7smq4i86e.jpg
ШАМПУНЬ РОСКОШНЫЙ УХОД 500МЛ,,,5.25,4.45,/upload/iblock/7ba/nf4pfodum9gw6lzopvg67qgpeeqi94ox.jpg
Батончик шоколадный KITKAT 58 г,,,2.29,1.59,/upload/iblock/dda/c1te2e7xf2rgwf5dcdxgew23b9juwgu5.jpg
Диски ватные ЗАЯ 120 шт,,,4.69,2.95,/upload/iblock/fbb/5zbltea99xa4kkq3t9hj1g9u9v2tr4la.jpg
Палочки ватные ЗАЯ 200 шт,,,2.99,1.89,/upload/iblock/5d7/fltnr6b1t94asm2a4f0ztz1c2oc01bsg.jpg
МАК.ИЗД.ПАСТЕРОНИ ТОРТИЛЬОНИ №127 400Г,Макаронные изделия ПАСТЕРОНИ 400 г,,5.39,2.99,/upload/iblock/05b/hg70hlfxxblh5znql5z0nnigt6xb5o1p.jpg
Филе сельди МАТИАС оригинальное 125 г,,,2.79,2.29,/upload/iblock/77f/1gnmlegf1c3j2puioizm35mxkgy48k05.jpg
Зефир глазированный ЗНАК ВКУСА 500 г,,,10.95,7.99,/upload/iblock/214/nltb1isxe6uyp9xdgsi5qm7mrlgit4ha.jpg
КРУАССАНЫ МИНИ 7ДНЕЙ ВАНИЛЬ 200Г,Мини-круассаны 7Days какао,Мини-круассаны 7Days варёная сгущенка,4.29,3.69,/upload/iblock/b63/grqq9z0yk2gpv2kw9nreof1bl9s8495e.jpg
ПИРОЖНОЕ БИСК.МЕДВ.БАРНИ ШОКОЛ.НАЧ.150Г,ПИРОЖНОЕ БИСКВ.БАРНИ ШОК.150Г,ПИРОЖНОЕ БИСК.МЕДВ.БАРНИ МОЛОЧН.НАЧ.150Г,4.99,4.49,/upload/iblock/87b/yvxcl9qdn96pubnhn2yuix18y610f206.jpg
ЧАЙ ГРИНФИЛД СПРИНГ МЕЛОДИ 25*1.5Г,,,4.89,4.39,/upload/iblock/b77/ifnpvvyeq73czartf9a7uxa4fd2vg5be.jpg
Икра кабачковая СУСЕДСКI МАЁНТАК 450 г,,,3.29,2.49,/upload/iblock/65d/9j82fa3tcd9g0bqql0pf5fiwhjxspl7z.jpg
ХЛЕБЦЫ ДР.КОРНЕР РИСОВЫЕ С ШОКОЛАД.67Г,,,4.89,3.19,/upload/iblock/a2d/fnvnl63e3cyifrwf16ewjzmfja8dh2f1.jpg
Цикорий УМНЫЙ ВЫБОР 100 г,,,3.49,2.85,/upload/iblock/654/hk9zrxuc9bx001316u2n2ce0vrc5udv7.jpg
Снеки картофельные МИРА 80 г,Снеки картофельные МИРА вкус краба 80 г,СНЕКИ КАРТ.МИРА СМЕТАНА/ЛУК 80Г,2.09,1.69,/upload/iblock/698/y4ug0hieq34xs7rb0d39003yek332syw.jpg
СР-ВО Д/СТИРКИ ЛОСК 3В1 МАЛ.ЦВ.КАПС.12ШТ,"Капсулы Losk для стирки цветного белья, 12шт",,21.99,13.99,/upload/iblock/2d0/maeep7d3npjw3j7lt8sh6v09ppgc337z.jpg
МАК.ИЗД.ГРАНМУЛИНО РОЖКИ ВИТЫЕ 450Г,"Макаронные изделия ГРАНМУЛИНО спираль, рожки витые 450 г",,2.39,1.79,/upload/iblock/fd1/kvpkirbu911ewdy6zwv0foq0pc79127g.jpg
ПОДГУЗН.-ТРУС.ХАГГИС МЕГА 4 МАЛЬЧ.52ШТ,ПОДГУЗН.-ТРУС.ХАГГИС МЕГА 4 9-14КГ 52ШТ,ПОДГУЗН.-ТРУС.ХАГГИС МЕГА 5 ДЕВ.48ШТ,63.96,56.99,/upload/iblock/226/3n5crfrzqd3vrcl8llwevsyjbpf3qfxg.jpg
ИМБИРЬ МАРИНОВАННЫЙ МИСАКИ 200Г,,,5.99,4.49,/upload/iblock/e2a/t84f2s919hzfie2u92fmtb6xv6zitt4n.jpg
"Ананасы АЛЬВАДО кольца, кусочки 565 г",АНАНАСЫ КОНС.АЛЬВАДО КОЛЬЦА Ж/Б 565Г,,6.99,6.19,/upload/iblock/862/hf7xijpqpxl3w34sm99uumvq9o9q3pjk.jpg
Шоколад Спартак Горький Элитный 90г,,,2.59,1.99,/upload/iblock/ea5/nk0wekknqavyhka4cp5r5tsi2cb0iao3.jpg
Зефир АЛЬВАДО 105 г,,,2.29,2.09,/upload/iblock/907/tjq6b1uo76m0ywv6xx6a8uhd0wuyy1h6.jpg
ПЯТНОВЫВОДИТЕЛЬ ВАНИШ Д/БЕЛОГО 450МЛ,ПЯТНОВЫВОДИТЕЛЬ ВАНИШ Д/ТКАНЕЙ 450МЛ,,10.49,8.49,/upload/iblock/887/tt1wyl4fnj70e95k4yqfgo2j6k3pqxcm.jpg
КРЕМ-МЫЛО Д/ИНТ.ГИГ.МОЛ.КИСЛ.ЗИАЙА 500МЛ,,,12.89,7.39,/upload/iblock/a5a/gorwzfqccj52f2gkgt37jo3dn5585h03.jpg
Кофе в зернах LAVAZZA QUALITA ORO 1 кг,,,69.99,53.99,/upload/iblock/e06/tappfn3m0xq4oq0oxrt9xc3czcb2ajkt.jpg
Соус Астория Сметанный с Грибами 233г,Соус майонезый АСТОРИЯ 233 г,,5.19,3.49,/upload/iblock/160/m4xpe8rwjyqltuszgjxx8f7d0vj3y0th.jpg
Батончик Шоколадный Милки Вэй Минис 176г,,,5.89,4.99,/upload/iblock/001/cyl60183aae1c9s82mq2vlos3kx45b5i.jpg
КОЗИНАК ПОДСОЛНЕЧНЫЙ 150Г,,,2.05,1.79,/upload/iblock/104/541mxbjd3hwy6g2izzaquagq43t1uyad.jpg
ВАФЛИ НЯМ-НЯМКА ВК.СЛИВОК 200Г,ВАФЛИ НЯМ-НЯМКА ВК.ВАР.СГУЩЕНКИ 200Г,,1.99,1.89,/upload/iblock/911/3u5cgy652dixbe186hbhhsnjc0nqitsc.jpg
Мороженое 28 Копеек Классическое Ваниль 70г,Мороженое 28 Копеек Шоколадное 70г,МОРОЖЕНОЕ 28 КОПЕЕК ЭСКИМО АР.ЛИМОНА 70Г,2.05,1.69,/upload/iblock/084/jbiayzt9ol395wwwz3kp4x8tfusnxhbv.jpg
Мороженое 20 Копеек Шоколадное 225г,Мороженое 20 Копеек Ваниль 225г,,5.49,4.39,/upload/iblock/a69/jqjl2cr30fc2udoa2yr3p7vlvgi0uol7.jpg
ПЕЛЁНКИ ДЕТ.ГИГ.ОДНАР.ДРАЙ ДЭЙ 60Х40 5ШТ,,,4.99,3.99,/upload/iblock/0f0/21ylhg8oxp5mmrclrak8aori9ia4kei6.jpg
Приправа Айдиго Итальянская с Чесноком 15г,СМЕСЬ АЙДИГО Д/КОНС.ОГУРЦОВ 15Г,СМЕСЬ АЙДИГО Д/КОНС.ТОМАТОВ 15Г,1.99,1.39,/upload/iblock/dc4/kmt96d96gr32jf30q60h67pkq1xb4c81.jpg
Масло подсолнечное ЖАРКОFF 1 л,,,5.14,4.49,/upload/iblock/ae8/1rqpxaq2q9ob7ukdktdplx2h2z19h1j7.jpg
Крем-гель для душа ВИТЭКС личи и пион 500 мл,,,5.19,4.49,/upload/iblock/bf3/egyskhgk3qgkxjqol309zl8if6ykt5y7.jpg
Пудинг Творожный 4% Манго 130г,Пудинг Творожный 4% Вишня 130г,Пудинг творожный САВУШКИН 4% 130 г,1.05,0.89,/upload/iblock/165/vxt8mzp5rsqdtneg68l28cf1fugwob27.jpg
НОСКИ МУЖ.5С-08 Р.27 000 Т.СЕРЫЙ,НОСКИ МУЖ.5С-08 Р.25 000 ГРАФИТ,НОСКИ МУЖ.5С-08 Р.29 006 ЧЕРНЫЙ,4.35,3.49,/upload/iblock/201/7934psu12tgjyh5tbtrwa56c6xhd8rtg.jpg
ПЕРЕЦ АПРИ ФАРШИРОВАННЫЙ 630Г,,,7.69,5.99,/upload/iblock/52c/b45wfqaxi6r6gerruxw5m1w3l9zyx6p4.jpg
Приправа Цикория Травы Итальянской Кухни 10г,,,2.05,1.79,/upload/iblock/509/ft7a8es3l1i7uqaqqam6q9jmab8n7vdm.jpg
ОСВЕЖ.ВОЗД.АИР ВИК УТРО В ЛЕСУ СМ.250МЛ,ОСВЕЖ.ВОЗД.АИР ВИК МАГН/ВИШНЯ СМ.БАЛ.250,БАЛЛОН СМЕН.АИР ВИК ДИКИЙ ГРАНАТ 250МЛ,23.15,16.99,/upload/iblock/43a/2wi2ltizdj7s7cv7zmexsj55fkl25f8u.jpg
Мармелад Жевательный Харибо Стармикс 80г,Жевательный мармелад Haribo хэппи кола,Мармелад жевательный HARIBO 80 г,2.89,2.49,/upload/iblock/edc/ie3nw9dqnb1pgn18rt5j1hnwuny94jq5.jpg
Хлопья Витьба Кукурузные Золотистые Глазированные 330г,ШАРИКИ ВИТЬБА ШОКОЛАДНЫЕ 250Г,,3.89,2.99,/upload/iblock/87a/i5d5v67ac4z76trgf58ut7hmoso600l6.jpg
Средство для стирки ЛАСКА 1 л,,,18.49,13.99,/upload/iblock/50b/rvd9dqpq8uo9j2nd4v49ruzqc9y6m7ah.jpg
Кускус АГРО АЛЬЯНС 450 г,,,4.59,2.99,/upload/iblock/9ea/x8zkfa8cjqgo4fj83a9u492xqyomskmx.jpg
Напиток газированный Бела-Кола Классик 2л,,,3.59,2.99,/upload/iblock/05b/inqjeuxy9f01d9s37ka929g7nl7z0cs1.jpg
"Вода минеральная газированная ФРОСТ 1,5 л",,,1.75,1.25,/upload/iblock/5d5/8p4c3bpkjmjhwn8dptznsz7a92ky5iou.jpg
ШАМПУНЬ ВИТЭКС ГУСТЫЕ/БЛЕСТЯЩИЕ 500МЛ,,,6.19,5.25,/upload/iblock/ace/xxnj842c21yi0xd4pgqfh4mrx20jfl90.jpg
БАЛЬЗАМ Д/ВОЛ.ВИТЭКС ГУСТ/БЛЕСТ.450МЛ,,,4.59,3.89,/upload/iblock/59d/0g2td89pfy2jyjg3mz64ynmk1lg0z76t.jpg
Пельмени БАБУШКА АНЯ домашние 430 г,ПЕЛЬМЕНИ БАБУШКА АНЯ ПЕЛЬМЕШКИ ЦВЕТ.430Г,,4.79,3.99,/upload/iblock/ac9/nupzaaufnyea06okr1t7to1k977djz9d.jpg
Мороженое Умный Выбор Лесные Ягоды 70г,Мороженое УМНЫЙ ВЫБОР в стаканчике 70 г,,1.39,1.09,/upload/iblock/1e7/cztfvklkvfzawhzlff9j39u72pi0fkt9.jpg
Напиток негазированный Аура Вишня 1л,,,2.65,1.99,/upload/iblock/40e/hk3wn9du54ko99ru9j0m8v9pqvg7uel1.jpg
Суп Кнорр Куриный с Сухариками 16г,,,1.65,0.99,/upload/iblock/e8b/jxyfy92gxpcggerjv6c1brv6rn7rhe80.jpg
Сырок Творожный Сладкий 9% Савушкин Ваниль 100г,Сырок Творожный Сладкий 9% Савушкин Изюм 100г,Сырок творожный САВУШКИН 100 г,1.39,1.15,/upload/iblock/e5d/2gsx18pzlhgzcul6rqvn1l7y7415jzco.jpg
Йогурт Данон 2.9% Вишня-Черешня 110г,ЙОГУРТ ДАНОН 2.9% ПЕРСИК 110Г,,1.05,0.89,/upload/iblock/806/0n4bgqa1oukvfk92g80whntlzdwp5zq7.jpg
Кофе молотый ЖОКЕЙ 250 г,,,11.99,8.49,/upload/iblock/d76/rw7d07nao2a6jafda3kemyj7c2953bq9.jpg
ЧАЙ КЕРТИС САММЕ БЕРРИС 20*1.7Г,,,5.19,3.99,/upload/iblock/aae/268xccc90qtewi24mx7zuwbcrf8oj53v.jpg
Напиток Овсяный Немолоко Классический 1л,НАПИТОК ГРЕЧН.НЕМОЛОКО КЛАССИЧ.1Л,НАПИТОК ДЕТ.НЕМОЛОКО РИСОВ.КЛАСС.ЛАЙТ 1Л,7.25,5.99,/upload/iblock/3bb/l3uxweozt06vvumpag2a09axitug0130.jpg
КРЕМ-ЭКРАН Д/ЛИЦА ГИАЛ.SPF20 50МЛ,,,5.19,4.19,/upload/iblock/da3/t7md7vqzchmgy472ukzt4zzt6wfb6ea1.jpg
ВОДА МИЦЕЛ.Д/ЛИЦА ГИАЛ.400МЛ,,,5.39,4.39,/upload/iblock/92b/eluaaqn4ytglcnc7jwfhi3llgym6fcv1.jpg
ФРЕШ-ТОНИК Д/ЛИЦА СОВЕРШ.КОЖА 150МЛ,,,3.59,2.89,/upload/iblock/6eb/g2pilzrbapd27vdgz3eqs1qgrws73sgt.jpg
Продукт Сырный Джил к Пиву 40% Копченый 100г,ПРОДУКТ ПЛ.ДЖИЛ 40% КОП.ВЯЛ.ТОМАТ.100Г,ПРОДУКТ ПЛ.ДЖИЛ 40% КОП.ЗЕЛ/ЧЕСНОК 100Г,4.79,3.99,/upload/iblock/d62/323avgidj1hruf1md1afno58dkdz14qq.jpg
Смесь МАГГИ заправка для борща 250 г,,,4.35,3.99,/upload/iblock/e23/ntcaz9ljotf2frngtk21hc0k6accsvup.jpg
ГЕЛЬ Д/ДУША AXE ФЕНИКС 250МЛ,ГЕЛЬ Д/ДУША АКС ЭПИК ФРЕШ 250МЛ,,8.99,7.99,/upload/iblock/6cd/y4r6b9l0s8q4dxa47jqsahvzp0llhqba.jpg
Полба АГРО АЛЬЯНС 500 г,,,2.43,1.79,/upload/iblock/8f1/mr8ytobf1ztxprp9wr2ikgicjrzu9q7r.jpg
Сельдь Дел Маре Филе в масле соленая 450г,,,8.29,6.99,/upload/iblock/d4d/ht220glwhci9vnqjt1zyk3yffdmfce4y.jpg
Кофе в зёрнах БАРИСТА про итальяно 800 г,КОФЕ БАРИСТА ПРО АРАБИКА ЗЕРН.800Г,Кофе в зернах Barista PRO Arabica 800 г,54.99,39.99,/upload/iblock/b15/17mezorgck4gi5dsdhc3fe4rmlbytfca.jpg
Куркума Цикория Молотая 15г,,,2.09,1.79,/upload/iblock/fd7/d2axzjjf4a84kxfiaffn7z5ibhf48uz6.jpg
Перец Цикория Черный Молотый 20г,,,3.59,2.99,/upload/iblock/876/rkhnqhehfouz0e8npx0wd236lvoojm8i.jpg
ВОДОРОСЛИ МОР.ЯКИСУШИ НОРИ 28Г,,,9.69,6.49,/upload/iblock/f6a/4bs4d5s4vmrfka96ubefku704gsxv7f2.jpg
Киноа АГРО АЛЬЯНС 450 г,,,5.99,4.69,/upload/iblock/c1d/s323szil60er92ha1q8p5c9a7d56m5pk.jpg
"Чай КЕРТИС 20х1,8 г","Чай черный КЕРТИС 20х1,7, 20х1,8 г",,4.99,3.99,/upload/iblock/19e/oi1jh8f8fweotndoj40o129z8skoz3f6.jpg
"Напиток энергетический DYNAMIT 0,45 л",,,2.89,2.29,/upload/iblock/8bd/y42vbk56cc1983idgp85e3vtp196a1xy.jpg
Таблетки для посудомоечной машины HERR KLEE 70 шт,,,24.99,17.99,/upload/iblock/a9c/3euae50k2wiux7to4e9cxfl3ar129wnq.jpg
ФИЛЕ тунца св/м 500 г,"ТУНЕЦ филе, медальоны 500 г св/м",,15.99,13.99,/upload/iblock/f6f/eiury4u5sxnmkega2ay9uss5bgy38bh0.jpg
Решетка-гриль ROYALGRILL для морепродуктов со складной ручкой,,,59.99,44.99,/upload/iblock/f98/9sp43kwfd5mxgjjtevnwb4sn8uvzlw4m.jpg
Решетка-гриль ROYALGRILL 28*22 см,,,25.99,18.99,/upload/iblock/1da/l17ofk1cns85xlqoel6zs28zzxw8x4g0.jpg
ЖИДКОСТЬ Д/СНЯТИЯ ЛАКА ЧАЙНОЕ ДЕР.70МЛ,,,4.65,3.59,/upload/iblock/15e/c8z8d7oj526462sfs3vjichoxqfhmk8z.jpg
КРЕМ Д/ЛИЦА МАТИР.СУЖ.ПОР АЛОЕ 97% 50МЛ,,,4.25,3.59,/upload/iblock/c00/yc6gz3x526fo78kjjo1qdxivi3t1zauj.jpg
КРЕМ Д/ЛИЦА ВОССТ.УПРУГ.ЗАЩ.ОТ МОРЩ.50МЛ,,,3.95,3.35,/upload/iblock/6dc/4ax75luwxqzhfuyrjt44s9w1bi3hzyjd.jpg
Йогурт ЛАСКОВОЕ ЛЕТО 1% 900 г,ЙОГУРТ ПИТ.1.0% ПЕРСИК 900Г,ЙОГУРТ ПИТ.1.0 % ЧЕРНИКА 900Г,3.29,2.99,/upload/iblock/6d4/mq2pzvh0uad9ye3z5tub7jkk20c6d44c.jpg
Планшет 2688-E,,,45.85,29.99,/upload/iblock/10f/p7ucp2tu99m3he81ngezedr7cc3v1nug.jpg
Вода минеральная НАБЕГЛАВИ 1 л,,,3.99,2.99,/upload/iblock/866/ubl1krjwc1ou2md7jfs1yngtwcwevzce.jpg
Маслины ЭКСКЛЮЗИВ б/к 390 г,,,5.45,4.59,/upload/iblock/0a8/3hdberrtg5m2tv0zwomh4dn08529slju.jpg
"Набор тарелок, поддонов для гриля 2, 3, 5 шт",НАБОР МИСОК Д/ГР.БОЛ.ПРЯМ.ГЛ.АЛЮМ.2ШТ,,6.99,3.99,/upload/iblock/25d/ntvzaa0fvfj5l6bjfrbnknm799huc5j9.jpg
НАБОР МИСОК Д/ГР.МАЛ.ПРЯМОУГ.ГЛ.АЛЮМ.5ШТ,,,5.99,3.19,/upload/iblock/ce8/np4xf0cl798jmwehy452057kg12q0dzj.jpg
НАБОР АЛЮМ.ЛОТКОВ 2ШТ МАЛ.ПРЯМ.,,,7.99,4.49,/upload/iblock/8a7/5aocm6834h3bkib4438r2exc85kegg3c.jpg
"Набор тарелок и мисок ДЛЯ ГРИЛЯ 4, 5 шт",,,5.99,3.49,/upload/iblock/749/q4ata2fawtakv1s9bu7xnyc0r1gtmmbk.jpg
ГРИЛЬ на 3-х ножках,,,59.99,14.99,/upload/iblock/237/53z8o3c33yjrvkqky6mnm41qxcp7ap1o.jpg
СР-ВО МОЮЩ.МИСТЕР ПРОПЕР ЛИМОН 1Л,Средство для мытья полов и стен Mr. Proper Лавандовое спокойствие 1 л,,11.49,9.99,/upload/iblock/c9f/8taxqa0c64t7ckljc575mvlh1pmw1r86.jpg
Хлопья Овсяные Геркулес Умный Выбор 400г,,,1.17,0.99,/upload/iblock/311/a66b2ev0hur913eru4emrs0y17dsz05p.jpg
МАСЛО подсолнечное вивид нерафинированное холодного отжима 0.7л,,,4.99,4.29,/upload/iblock/aef/si32rxm9l5q0z88e2xl8ivvl8t5kpsqi.jpg
Хлопья Новокаша Экстра №1 500г,,,0.93,0.79,/upload/iblock/766/98quncd3x3az0q4v0fm4uqm4pvoxqqpj.jpg
Набор детской косметики HIT IMAGINATION,,,24.75,12.99,/upload/iblock/7eb/4z6tokxg3aw2znf7nb6yyel8fvepqg0t.jpg
Ножницы Хозяйственные двухкомпонентные ручки 16см Хенди,,,5.29,3.49,/upload/iblock/22b/8ed77bu8gkz4sd9ye037dx2al1hay70h.jpg
Пастила ТВЕРСКОЙ КОНДИТЕР с мармеладом 350 г,,,5.65,4.99,/upload/iblock/baf/haduz6w3zo9dmhtkga48dna0qxhdx3th.jpg
КЕТЧУП ХАЙНЦ ОСТРЫЙ 320Г,КЕТЧУП ХАЙНЦ Д/СТЕЙКА 320Г,Кетчуп Heinz с чесноком и пряностями,5.39,3.49,/upload/iblock/a4a/8k23t6cptxfesa3gnwmoif6a42huj3gy.jpg
Бумага туалетная ЛИЛИЯ 2 слоя 4 рулона,,,2.07,1.79,/upload/iblock/c3c/5e73eje5domtyr0s2mutjw0mkglcizov.jpg
Филе сельди МАТИАС XXL оливковый 300 г,,,5.99,5.49,/upload/iblock/964/miidvesdvoa4i5ksayc8bmh2ib1fevwh.jpg
Шоколад ТРЮФЕЛЬНЫЙ ЭЛИТ 200 г,,,5.45,4.49,/upload/iblock/45a/lzlj08te2fq4yp3w9l32kmokuikbk1ob.jpg
Конфеты КРАСНАЯ ШАПОЧКА 200 г,,,4.19,3.29,/upload/iblock/e7f/010yn5zej4p4l4ip27cjwsq5euwdbae1.jpg
ПЕЛЬМЕНИ ВОЛКОВЫСКИЕ НЕЖНЫЕ 430Г,,,3.99,3.59,/upload/iblock/330/mxc95u96fs1us144t4hvhkozzzf8bf3a.jpg
ПОРОШОК СТИР.ПЕРСИЛ КОЛОР 3КГ,,,30.33,25.99,/upload/iblock/477/umy3rvklhe2vadni0fojgcrb2ku8wlma.jpg
ПЕЧЕНЬЕ-МЮСЛИ ЛЮБЯТОВО КЛЮКВА/ИЗЮМ 120Г,Печенье-мюсли ЛЮБЯТОВО 120 г,,4.99,3.59,/upload/iblock/4ad/2r0fg0ap1r9j6489msytoas4j2jmqosl.jpg
КРУПА РИС ЭКОЛАЙН ЯНТАРНЫЙ 900Г,,,4.56,3.99,/upload/iblock/22b/dko9guwl1wktztt66q9j7mbm9pyj1d1o.jpg
ИГР.НАСТОЛ.ВЕСЕЛЫЙ ГРУСТНЫЙ ЗЛОЙ 2113C,,,42.79,25.99,/upload/iblock/7a7/lzzuyxc99lo1d5wyx433612ts3kkmmd7.jpg
Какао-напиток НЕСКВИК 250 г,,,8.05,6.29,/upload/iblock/187/ff1xypnospf4k0igwlwvoskuj03v77wk.jpg
ДЕСЕРТ МЯГКИЙ С СУФЛЕ МАЛИНА 108Г,,,2.29,1.99,/upload/iblock/e6c/m6f1k45yd4ter3a5qsgeeo8483qjvujr.jpg
ДЕСЕРТ МЯГКИЙ С СУФЛЕ МАНГО 108Г,,,1.85,1.69,/upload/iblock/7d8/dmtuywzizlxoax02aro4rzotsxwhepk2.jpg
КОФЕ НЕСКАФЕ ГОЛД БАРИСТА 85Г,Кофе NESCAFE GOLD BARISTA 85 г,,20.49,14.89,/upload/iblock/138/aopt7ab68cjlbwjjarl07h9aeoyq7xjx.jpg
Бумага туалетная ПЕРЫШКО 3 слоя 4 рулона,,,3.29,2.89,/upload/iblock/55e/wchxpkqdygy3lmen1x16ikiw8on6ljm4.jpg
СЫР ТВОР.ВОЗДУШНЫЙ 60% ЧЕСНОК 150Г,СЫР ТВОР.ВОЗДУШНЫЙ 60% ТОМАТЫ 150Г,Сыр творожный воздушный СВЕЖА 60% 150 г,3.49,2.79,/upload/iblock/4e8/uc6s4q27dlnlazq87c2d0upuegv4be0e.jpg
Салями Ореховая варено-копченая в/с в вакууме 380г,,,5.59,4.99,/upload/iblock/547/3fdf221w085zvr1l2uzgkul8ia5qefwy.jpg
ИГР.НАБОР ИГОЛЬЧАТЫЕ КРИСТАЛЛЫ 3В1 1603,,,13.99,9.99,/upload/iblock/fbd/9g7de41vbg48gy93dmck51xs43595eo7.jpg
КНИГА МОЯ ПЕРВАЯ ЭНЦИКЛОПЕДИЯ Д/ДЕВОЧЕК,КНИГА МОЯ 1-АЯ ЭНЦИКЛОПЕДИЯ Д/МАЛЬЧИКОВ,,30.99,14.99,/upload/iblock/881/l07m7v6t3q6d1lk8axuktf2vjc9bg71w.jpg
Кофе растворимый NESCAFE CLASSIC 190 г,,,18.99,12.99,/upload/iblock/023/pwvwjnjfi2qe55e2p1h3uid7q2detioe.jpg
БЕКОН ВЕНГЕРСКИЙ К/В В/У 200Г,,,9.49,6.99,/upload/iblock/f25/whn5y9riskwqd5lzgmpd61dbfptqqmjs.jpg
Корм для кошек PERFECT FIT 75 г,КОРМ Д/КОШ.КОНС.ПЕРФЕКТ ФИТ КУРИЦА 75Г,КОНС.ПАШТЕТ Д/КОШ.ПЕРФЕКТ ИНДЕЙКА 75Г,1.29,1.09,/upload/iblock/221/c2g9wyw8i5cokw6yoygqkyvluaeodi7y.jpg
Сыр мягкий МОЦАРЕЛЛА 45% 1ШАР 100Г/250Г,,,2.79,2.39,/upload/iblock/675/h6pyqm5swzgi3sbmw4184xn8ihru097d.jpg
Томаты маринованные СУСЕДСКI МАЁНТАК 670 г,ТОМАТЫ СУСЕДСКИ МАЕНТАК МАРИН.680Г,ТОМАТЫ СУСЕДСКИЙ МАЕНТАК В ТОМ.СОКЕ 680Г,4.19,3.49,/upload/iblock/d9c/ml1dolppthcmk8q02m5dsoe2mymdvtpp.jpg
Печенье Сахарное Умный Выбор Земляничное 400г,,,2.99,2.69,/upload/iblock/199/akj1i3wkctadw2q59wvvz6lunnqd1kqf.jpg
ДРАЖЕ СКИТЛС КИСЛОМИКС 38Г,,,1.49,1.19,/upload/iblock/69e/lep7gl0sxybnrhbwz47kqv6tcic14svj.jpg
ОПОЛ.Д/ПОС.МАШИН ФИНИШ БЛЕСК+СУШКА 800МЛ,,,24.99,19.99,/upload/iblock/eb9/iqn408qd3w8o0cggrwizp6go47uo7qr2.jpg
ПЕЧЕНЬЕ САХ.ДИНОЗАВРЫ МИНИ В МОЛ.ГЛ.50Г,,,2.19,1.59,/upload/iblock/f0b/1fg35q417wr341fz5va97aswwleaawq7.jpg
ИГР.МЕЧ JC-007N,,,19.99,8.99,/upload/iblock/e40/wsxyu3ovi26966hpo08tjdjk5nhgsq11.jpg
Шампиньоны консервированные БОН АППЕТИТ целые 470 г,,,5.39,4.39,/upload/iblock/66a/lkw5bmntqzryo6c60byum6g99u8wivva.jpg
Кетчуп УМНЫЙ ВЫБОР 360 г,КЕТЧУП УМНЫЙ ВЫБОР ШАШЛЫЧНЫЙ 360Г,,1.99,1.59,/upload/iblock/d4b/9ls5tz7xudoajfou2929uuaamxnk6nid.jpg
ЧАЙ ХЭЙЛИС ГАРМОНИЯ ПРИР.АССОРТИ 25*1.5Г,ЧАЙ ХЭЙЛИС АНГЛ.АРИСТОКР.ЧЕРН.100Г,,6.99,4.99,/upload/iblock/44d/shpsxfsyk3zfihakc6eywe4chp0hyjfp.jpg
ДРАЖЕ СКИТЛС ФРУКТОВЫЙ 70Г,,,2.69,2.19,/upload/iblock/372/3qfs7sqrfpjl5yxkz86o7n5ao0rwcp1a.jpg
КРЕМ Д/ДЕПИЛ.ВИТ БАРХ.РОЗА/ЭФ.МАСЛА 90МЛ,,,19.99,11.99,/upload/iblock/576/g0fwr5iicd2s3l6jct7zkh65womuanq0.jpg
ПРЯНИКИ СЛОДЫЧ ПОТЕШКИ АБРИКОСОВЫЕ 360Г,,,2.75,2.39,/upload/iblock/aea/a3lb7a61oosa91hthq6eh50ci0et2f8c.jpg
КРЕМ Д/ЛИЦА ЗИАЙА АНТИОКС.SPF 50+ 50МЛ,,,17.89,11.59,/upload/iblock/366/l5y430ty9wb6yrra6lsnd0mgihmfgm8m.jpg
ЛОСЬОН Д/ЗАГАРА ЗИАЙА SPF20 150МЛ,,,14.89,9.69,/upload/iblock/529/d0f4daa4v248q5m8dh8qurpsw2s656oo.jpg
СПРЕЙ-ЛОСЬОН Д/ЗАГАРА ЗИАЙА SPF30 170МЛ,,,23.89,15.49,/upload/iblock/9d1/c8cs88uw45kupzhlbedeo8ppsj0ifdlh.jpg
БИОЙОГУРТ АКТИВИА 2.9% ЧЕРН/ЗЛ/ЛЕН 130Г,БИОЙОГУРТ АКТИВИА 3.5% БИФИДОБАКТЕР.130Г,"Биойогурт АКТИВИА 2,9%, 3,5% 130 г",1.45,1.25,/upload/iblock/f1f/on62rcbhchbg1gld6ewms0g3ggrg6n9f.jpg
КАСТРЮЛЯ ЭМАЛ.2.9Л С-16111,,,28.99,19.99,/upload/iblock/027/pv406z4y7k0zwfvb6pdvx7wawt3sr3cq.jpg
ВАФЛИ АКУЛЬЧЕВ БЕЛЬГИЙСКИЕ С КАКАО 126Г,ВАФЛИ АКУЛЬЧЕВ БЕЛЬГИЙСКИЕ 126Г,ВАФЛИ АКУЛЬЧЕВ БЕЛЬГИЙСКИЕ С АРАХ.126Г,3.99,2.99,/upload/iblock/5a7/a0jlm12kgki2vihphnt6c42bwa5kl0jm.jpg
БАТОНЧИК ШОК.КИДДЕЙ АССОРТИ 40Г,,,1.49,1.09,/upload/iblock/747/avv2kmv7kq9ikq8iblbn1tq5t92oaa4b.jpg
СР-ВО Д/СТИРКИ БЕЛЬЯ СИНЕРГЕТИК 1Л,,,21.19,13.99,/upload/iblock/104/uid2bq23kxvtgayo4r2yfi7tn3nm9syn.jpg
ГОРОХ УМНЫЙ ВЫБОР КОЛ.ШЛИФ.800Г,,,2.35,1.99,/upload/iblock/a6d/iylm7m2o5atsy7wwsosdtm4ackj4jged.jpg
РЕШЕТКА-ГРИЛЬ МАЛ.БАРБЕКЮ ТАЙМ 23Х20CM,,,24.99,14.99,/upload/iblock/8ab/cy7sqf8k52b7v5if1c1jhvxcxarwgb7n.jpg
РЕШЕТКА-ГРИЛЬ 31х24 см,,,29.99,19.99,/upload/iblock/b3b/dxros4m9b3okw0osnminr7e0h4xey21f.jpg
Мангал сборный ROYALGRILL 35*25 см + 6 шампуров,,,20.99,12.99,/upload/iblock/419/2ehpnpfx8jbi4txjf02al7k5sw25ojc4.jpg
ШАМПУР из нержавеющей стали 450х10х1 мм,,,1.99,1.29,/upload/iblock/e3e/wvfj67o3jbau5uxw2gq0pomw1rf7jhlj.jpg
ШАМПУР УГ.550Х10Х1ММ РОЯЛГРИЛЬ НЕРЖ.СТ.,,,2.99,1.79,/upload/iblock/316/mphagpeey6hsz8n77rdwm1ggom0btmmc.jpg
ПЛАЩ-ДОЖДЕВИК БОЙСКАУТ НА КНОП.Р.48-54,,,11.39,5.99,/upload/iblock/b14/8xvzc15igtyrykt2tud1n2nazi4iwjq1.jpg
ЧИПСЫ ЛЭЙС ЗЕЛЕНЫЙ ЛУК 140Г,ЧИПСЫ ЛЭЙС ДРАНИКИ С МЯСОМ 140Г,,3.99,3.49,/upload/iblock/df8/3581hzgmlbnnak5dme4p8thp1kfvrsgt.jpg
Скумбрия ЛЕОР кусочки х/к 300 г,,,8.79,7.99,/upload/iblock/865/pkt5hngyfkat40y3026vtkun2uf4qh6e.jpg
СЫРОК ГЛ.ПЛЮШ 18% СГУЩ.МОЛ/ВАНИЛЬ 45Г,СЫРОК ГЛ.ПЛЮШ 18%С КАКАО/ВАНИЛЬ 45Г,,0.79,0.65,/upload/iblock/9d3/45gw06ahdhu9zy2jv9k3vypccfb4cao3.jpg
"Сырок глазированный ПЛЮШ 18%, 26% 45 г",,,0.79,0.65,/upload/iblock/1a4/p3iahmxf5tu3w6y701ibyrj8y1g2cuen.jpg
Форель DEL MARE сл/с 200 г,,,13.99,10.99,/upload/iblock/e4e/lsuhv4vlqw8h9qzv6yinzpxuviagnxey.jpg
СОЛОМКА ЗНАК ВКУСА КАРАМЕЛЬ/АРАХИС 165Г,,,3.89,2.79,/upload/iblock/39b/1f626cob9jbsueisk0f9y3eiuk3zbibw.jpg
БОРЩ РОЛЬНИК ИЗ СВ.КАПУСТЫ 450МЛ,,,4.19,3.29,/upload/iblock/0dd/t9urys0oldsk8xc8zbew2s9cvg0mjs0t.jpg
БЛЮДО ПЛОСКОЕ БАМБУК 30.5Х20.5СМ,,,31.99,15.99,/upload/iblock/97f/xbrsse58r19ax40lx2b8e11os71kp8a5.jpg
ЗАМОК для велосипеда 65 см,,,12.49,4.99,/upload/iblock/c5d/ll7r1v9jwekw2hgbz6sl5e4farbz31qf.jpg
Жидкость для розжига HOT POT 1 л,,,7.99,5.49,/upload/iblock/cd3/r2dvli8yilj7vlzzpqr230zuu40t0luj.jpg
Пельмени МИРАТОРГ из мраморной говядины 400 г,,,7.49,4.99,/upload/iblock/9cc/eix9vzxslxqqobdy8y0pa6k5mczf5g94.jpg
СУХАРИКИ КАРАМБА РЖАНЫЕ ОХ.КОЛБАСКИ 40Г,СУХАРИКИ КАРАМБА РЖАНЫЕ ЧЕСНОК/ТРАВЫ 40Г,,0.99,0.65,/upload/iblock/ddd/952u04htq03xbhxu6ltn2ll8u1sjnj0d.jpg
"НАБОР кувшин 1,2 л + 4 стакана 0,4 л",,,14.99,8.99,/upload/iblock/225/s1omsjblh9cpu1i5y2wzlq2yue5danmy.jpg
"КОНТЕЙНЕР для шашлыка 6,5 л",,,16.99,9.99,/upload/iblock/cb8/vsyxlsr90reyt8uliqebv2gcfr1mg555.jpg
ПЕРЧАТКИ ДОМ.СУНДУК УНИВЕРСАЛ ДС-216,,,4.99,2.99,/upload/iblock/22e/xix9ptzp5ws399h3mjlxfhcp2a020z14.jpg
ПАКЕТЫ Д/ЛЬДА ДОМ.СУНДУК 196 КУБ.ДС-182,,,2.49,1.49,/upload/iblock/9ed/9ol2i341kdxyyf20usbf5z6jfvu8meif.jpg
ЧЕСНОК АЙДИГО СУШ.20Г,ОРЕГАНО АЙДИГО 10Г,,1.54,1.29,/upload/iblock/566/i860mqsai5pd7v3a2q28ln59n221e1rc.jpg
БАТОНЧИК ФРУКТ-ОР.ОЛ-ЛАЙТ КЛЮКВА 30Г,БАТОНЧИК ОЛ&#039;ЛАЙТ ФР-ОРЕХ.ИНЖИРНЫЙ 30Г,,1.75,1.25,/upload/iblock/68f/chjclro1ov6rg2jm0wewtqg7o8my2xs2.jpg
РЕШЕТКА-ГРИЛЬ УНИВ.РОЯЛГР.АНТИПР.ПОКР.,,,44.99,34.99,/upload/iblock/ce2/sic57n6dp7wdoxfp4zculntq325pddyp.jpg
ШАМПУР ПЛ.550Х10Х1.5ММ РОЯЛГР.НЕРЖ.СТ.,,,4.49,2.49,/upload/iblock/2c2/dh4e5w04j2w7bwi3bydywd6ztgz0m8nd.jpg
Мангал сборный ROYALGRILL 30х24 см,,,13.99,6.99,/upload/iblock/076/7kz0k2q403qhupvlwucz231fbalfqpj2.jpg
КОНФЕТЫ БАЛТ.ЖЕМЧУЖИНА КАР.ПОМАДКА 150Г,,,7.99,5.99,/upload/iblock/c93/wlcg0ic1pho9qwz6t0ii9b58zsejkw50.jpg
Чай Импра Премиум Черный Крупнолистовой 80г,,,7.95,4.59,/upload/iblock/d96/84ap7czct7k5abzxrwi3u8iph2nz2pfl.jpg
Рулетики вафельные ВИТЬБА с ванилью 80 г,РУЛЕТИКИ ВАФ.ВИТЬБА СО СГУЩ.МОЛОКОМ 80Г,,2.09,1.39,/upload/iblock/946/leshs1fx0w8f9cmaj6m3y6i4l4gdptt6.jpg
ШОКОЛАД ЛЮБИМАЯ АЛЕНКА 20Г,,,0.59,0.49,/upload/iblock/ca7/5j37xxvo2w64f9ns9gf2py8ce30hqmk8.jpg
ФАСОЛЬ ЭКОЛАЙН ГРИН КРАСНАЯ 700Г,,,5.33,4.69,/upload/iblock/704/3t6xg2pcba1kvvs9lbflqex3w1gou44x.jpg
ШАМПУНЬ Д/СОБ.АМСТРЕЛ ЧАЙН.Д/КЕД.М.120МЛ,,,4.99,2.99,/upload/iblock/166/gi830dlrzmn7p0iquvopb7b1kyfhqkid.jpg
СЕМЕЧКИ ПОДС.МОЛОДЕЖНЫЕ ЖАР.200Г,,,3.25,2.39,/upload/iblock/3cc/cdo18zgvtd88ixm42el5yh7qihpbczmy.jpg
КАРАМЕЛЬ ЛЕД.КОНФИТРЕЙД ФИГУР.10Г,КАРАМЕЛЬ ЛЕД.КОНФИТРЕЙД НА ПАЛОЧКЕ 10Г,,1.49,1.29,/upload/iblock/f03/95fcafsfj0impf86ftnycxvv0j2uso2n.jpg
РЕШЕТКА-ГРИЛЬ 30х21х2 см,,,19.99,14.99,/upload/iblock/a46/dm3n98g9tww5pffowp5yewgfd7qr3l1r.jpg
Салфетки влажные СОЛНЦЕ И ЛУНА  для детей 120 шт,,,7.99,5.89,/upload/iblock/43a/tzghts52c67ioo06s795hoynispk0iar.jpg
Чай Ахмад Минт Коктейль Травяной Мята-Лимон 30г,ЧАЙ АХМАД КЛЕНОВ.СИРОП 25*1.5Г,,7.29,4.49,/upload/iblock/474/9dmsfaqkyyl7idp22r7sw2lqodv128d2.jpg
Чай АХМАД листовой 100 г,,,7.79,4.69,/upload/iblock/901/d7cac77p4g5bjjrazk5rmcedegi0tc09.jpg
КОКТЕЙЛЬ К/МОЛ.ДАНИССИМО 2.6% КЛУБН.190Г,"Коктейль йогуртный &quot;Даниссимо&quot; 2,6% 190 г",КОКТЕЙЛЬ ДАНИССИМО 2.7% МАН/БЕЛ.ШОК.190Г,3.59,2.99,/upload/iblock/110/r1bxizoex2ev2nz9ehhlxug5ff44edfx.jpg
БАТОНЧИК КИТ КАТ СЕНС ДЕЛЮКС 110Г,Шоколад КИТ КАТ 110 г,,4.55,3.99,/upload/iblock/03c/az9b8uz2chu4uoks1z7obu0rdp3y8i88.jpg
ШАМПУНЬ ДЕТ.МАЛ.ФЕЯ СИЛЬНЫЕ ЛОКОНЫ 240МЛ,,,6.89,5.69,/upload/iblock/d6c/z21xaw0ivh3j9xtt28w4l209q3mqg119.jpg
ДОЖДЕВИК ДОМ.СУНДУК ПРОЧНЫЙ ДС-105,,,4.89,2.99,/upload/iblock/b75/j030v41bvzaw1al1bzg62rcb5e96g9ev.jpg
ЗОНТ ПЛЯЖН.МАДАГАСКАР ВИЛДМЕН 160СМ,,,69.99,39.99,/upload/iblock/7f3/7jf516vvfctay5ech6f8knwzf3wp5u5m.jpg
ПОЛЕНО ДЛИТ.ГОРЕНИЯ РОЯЛГРИЛЬ 0.75КГ,,,9.99,6.99,/upload/iblock/79f/y7iyq5lq5htt18z2a8ydpjgy1dz0qeo3.jpg
Майонез УМНЫЙ ВЫБОР провансаль 50% 450 г,,,3.09,2.49,/upload/iblock/920/cfw3h9nd26yuelggo6rmez4az5b623v0.jpg
КРЕМ ТВОР.ТИРАМИСУ/ВИШНЯ 150Г,КРЕМ ТВОР.ТИРАМИСУ/ШОКОЛАД 150Г,,2.85,2.35,/upload/iblock/bdc/gjwtmglpoff39obwhb2k3nkolnoe97pb.jpg
Конфеты Хоба Фруктово-Ягодные Яблоко-Черника 60г,,,4.65,2.99,/upload/iblock/d5b/7jorfijysm3dtyby1vmiknq65upek69u.jpg
ЛАМПА ДИОД.PROLED A60-7W/4000K/E27/600LM,Лампа диодная ПРОЛЕД A60 7W E27,,3.99,1.99,/upload/iblock/3e4/zkb3yaawm81g74lo0jgt705kxwl8ery3.jpg
ЖИЛЕТ СПАСАТЕЛЬНЫЙ,БАССЕЙН НАДУВНОЙ,,19.99,12.99,/upload/iblock/a35/6eao7map6aknomzabc6ahaevdxd38nbi.jpg
КОРМ Д/КОШЕК КИТЕКЕТ ТЕЛЯТ.АППЕТ.350Г,Сухой корм для кошек Kitekat Мясной Пир,,2.99,2.69,/upload/iblock/f40/jhqktoy0ach5b65h7g7io2kelwux29pm.jpg
ШАМПИНЬОНЫ СВ/М И ЗИМОЙ И ЛЕТОМ РЕЗ.400Г,,,4.39,3.99,/upload/iblock/4b9/afcyd2tl9yux170rkwuoxjy6chs6n1pq.jpg
КОМПЛЕКТ МАНГАЛ ТАГАНОК+6 ШАМП.РОЯЛГРИЛЬ,,,19.99,13.99,/upload/iblock/7a7/oek5dewoz74wa6gb2ntqe0bu24731d0q.jpg
КВАС СТАРАЖЫТНЫ БЕЛ.КЛУБН/МЯТА 1.4Л,,,3.09,2.25,/upload/iblock/ba2/soy0t1ysklogchq2tdfa4oia8uoq1ltk.jpg
НАПИТОК ПЕПСИ МАКС ПЭТ 1.5Л,"Напиток ПЕПСИ-КОЛА 1,5 л",,3.09,2.49,/upload/iblock/75b/qqe8tfljgz9p270xrfwnayfwx5x4x3e4.jpg
ПЕЛЬМЕНИ МЯСНЫЕ ПОДУШЕЧКИ ДОМАШНИЕ 430Г,,,4.49,3.89,/upload/iblock/2e4/eo2qfveo2pjgvwwn5m4adjyy6ry37rbv.jpg
Крупа гречневая ЭКОЛАЙН ГРИН 800 г,,,3.94,3.69,/upload/iblock/8ff/wi6j82m1jo258tj991j38hiknslexmb2.jpg
АКТИВАТОР ЗАГАРА ЗИАЙА С ТИРОЗИНОМ 150МЛ,ГЕЛЬ П/ЗАГАРА ЗИАЙА УСПОКАИВ.200МЛ,,10.89,6.99,/upload/iblock/8d2/zs2d9w072ywxm0vj9vqmo7silt9hobzh.jpg
ЛОСЬОН Д/ЗАГАРА ЗИАЙА SPF10 150МЛ,,,11.89,7.69,/upload/iblock/ec4/lj72sgr3prtxua1v38hd1frh72h9x5a7.jpg
МОЛОЧКО ЗИАЙЯ ЗАКРЕПИТЕЛЬ ЗАГАРА 200МЛ,,,11.49,7.49,/upload/iblock/e92/pcjnzroikm1qio6vj9964fe0s8vrsosh.jpg
НАП.ЭНЕРГ.ХЕЛЛ ГЕЙМЕР МАН/ПОМ/ТУТТ.285МЛ,НАП.ЭНЕРГ.ХЕЛЛ ГЕЙМЕР ВИШНЯ/ТУТТИ 285МЛ,НАП.ЭНЕРГ.ХЕЛЛ ГЕЙМЕР ПИТ/КОК/ТУТТ.285МЛ,2.69,1.99,/upload/iblock/a19/7f6oz690oupslaap1pt7i4165ucpk7v4.jpg
Напиток Кофейный Старбакс Каппучино 14г,Напиток Кофейный Старбакс Латте 14г,,2.75,2.15,/upload/iblock/080/yzz22nje9tmw6yj4hf254aldmjr7ukg0.jpg
ТОМАТЫ КОНС.АЛЬВАДО РЕЗАНЫЕ 400Г,Томаты консервированные АЛЬВАДО 400 г,,3.19,2.49,/upload/iblock/3f6/jgra8jlvqzhucv1pz0cjvzrf871ayqrg.jpg
ЗОНТ ПЛЯЖНЫЙ,,,29.99,16.99,/upload/iblock/777/95bahwv4803da4p5wkpthm160hl4g002.jpg
Печенье УМНЫЙ ВЫБОР юбилейная песенка 345 г,,,3.99,3.59,/upload/iblock/a0f/8ir64ndrbs894shoemitftbsljvyx8fv.jpg
Кофе Чибо Фэмили Классик Молотый в вакууме 500г,,,18.05,14.99,/upload/iblock/503/p7e7no5ko16huvkc7oto1t3z3817cku2.jpg
"Контейнер ГРИЛЬ МЕНЮ для СВЧ 1,1 л",,,6.99,4.99,/upload/iblock/fa0/ml8zfuz1phbm3ksqn9xqpj9op8vr905b.jpg
ПЛАТОЧКИ БУМ.ПЕРЫШКО 3-ХСЛ 10ШТ БЕЛЫЙ,,,0.45,0.35,/upload/iblock/1da/8xs7dc9c7eyyj9qnz5ymd72qlasxlg9i.jpg
САЛФЕТКИ ЛИЛИЯ НОН-СТОП 2-ХСЛ.200Л КОР.,,,4.19,3.59,/upload/iblock/bd1/ouxgkadyoemg6fwltoiva06nx2e6981i.jpg
Вода минеральная ДАРИДА 1 л,,,1.69,1.25,/upload/iblock/c8b/frp6t2oh4302cnplehvvhurbpbihzo5p.jpg
НАПИТОК ЧАЙН.ДАЛАИ КРЕНБ.РОЙБУШ 25*1.5Г,НАП.ЧАЙН.ДАЛАЙ ОРАНЖ БЕРРИ 30Г,,5.15,3.99,/upload/iblock/18c/n2yld3hwgs8wbyrgimv51g4xt7jhd21g.jpg
ЭЛЕМЕНТ ПИТ.ДУРЕДЭЙ AA+AAA 8ШТ R6-R03-4S,,,4.99,2.49,/upload/iblock/8af/z1zg524i445zoi65vsc6ot9ehv5edqd2.jpg
Спецназ 5604-B,,,10.55,6.99,/upload/iblock/577/k8af2fk5bkh0ogkdjcfokmwcwymqbp6e.jpg
Смесь свежемороженая Курица Манго 400г,,,7.99,5.99,/upload/iblock/6cc/x4iin5lnv8hs6lqyudxoq7emkdp9b6ik.jpg
НАПИТОК ЭНЕРГ.РЕД БУЛЛ ТАУРИН/КОФ.0.25Л,НАПИТОК ЭНЕРГ.РЕД БУЛЛ ТРОПИК.ЭДИШ.0.25Л,НАПИТОК ЭНЕРГ.РЕД БУЛЛ 250МЛ,4.69,2.99,/upload/iblock/548/ga3hgqnildm7z97qsznpjza0q8g0ukdk.jpg
Решетка гриль ДОМАШНИЙ СУНДУК 37х25х2 см,,,24.99,17.99,/upload/iblock/563/h5sbl9qyxkg0nc274wsdxadmp8738v9p.jpg
Решетка гриль ДОМАШНИЙ СУНДУК БОЛЬШАЯ 42х27х2 см,,,29.39,21.99,/upload/iblock/841/y7q5wnyn0l12lzmx37lnztutc5vv73oo.jpg
Конфеты ВОЛШЕБНИЦА 180 г,,,8.99,7.99,/upload/iblock/744/9dksnhqhmv6ja5t5uxqhijchcvp814wd.jpg
СОУС-ПАСТА РОЛЬНИК БОЛОНЬЕЗЕ 260Г,,,2.99,2.19,/upload/iblock/c49/geb1erydow0g5e0ktfkq1leqa5os305j.jpg
ДЖЕМ ВЕРО ГУСТО МАНГО/ГРУША 300Г,,,4.99,3.99,/upload/iblock/3ba/055jphrmarzr38vsqk1te46wznt7xqi3.jpg
ПРОДУКТ ПЛ.СЫРН.ЕЖЕДЕНЬ СЭНД.СЛАЙСЫ 130Г,Продукт плавленый сырный ЕЖЕДЕНЬ слайсы 130 г,,2.99,2.19,/upload/iblock/631/olz4kb4czd2w0fsxizorqtpmoldwpdpk.jpg
Конфета Жевательная Конфитрейд Май Литл Пони 10г,,,0.99,0.69,/upload/iblock/8e9/2rrkhej3i1jtw3s500ic8b48vy82vw67.jpg
СМЕСЬ СВ/М АЗИАТСК.И ЗИМОЙ И ЛЕТОМ 400Г,,,6.33,5.99,/upload/iblock/440/6zst2fjartret6o40fchcjtj7kxmg11c.jpg
ЛАСТИК ВИНИЛ.ДЕССЕРТ DMM-6768,,,0.79,0.31,/upload/iblock/37e/reja4kjyz97r80plbb5yhq9rrs2l0xxs.jpg
УКСУС СПИРТОВОЙ ПРИЯТНОГО АППЕТИТА 9% 1Л,,,2.99,2.49,/upload/iblock/d0e/dkbpl5jtnp2zlg85iehllsnygmfarxql.jpg
ТРУБОЧКИ ВАФ.ВИТЬБА ФУНДУК 530Г,,,9.79,7.49,/upload/iblock/6c1/58l5d7m9etr0is4b5uvms5tvsaryibed.jpg
ПОВИДЛО ТУРОВ-ГРАД ЯБЛОЧНОЕ 570Г,,,3.49,2.49,/upload/iblock/c73/2okn0hgciswqowvltt9l3zfs6ybqts0k.jpg
РАССОЛЬНИК РОЛЬНИК СО СВ.ТОМАТАМИ 420Г,,,3.79,3.19,/upload/iblock/229/nh12wpsgukrea6a64034qa31tkg4vvjm.jpg
КАРАМЕЛЬ ЛЕД.ЛЕДЕНЦАРЬ АРБУЗИК 100Г,КАРАМЕЛЬ ЛЕД.ЛЕДЕНЦАРЬ АНАНАС 100Г,,3.89,2.69,/upload/iblock/ef2/l87e0s25fzt6rhqftyy5mkyou01z6t3r.jpg
ТОНЕР ГИДРОБАЛАНС МОНМИ 110МЛ,,,9.79,6.35,/upload/iblock/449/lmloath21zkzvnd4epiifhwsxfwhc38n.jpg
ГЕЛЬ Д/УМЫВ.МОНМИ С АНА-КИСЛ.НОРМ.150МЛ,,,12.25,7.95,/upload/iblock/99e/quuingvxfjv176xpgqibjy1cudsonqnk.jpg
СР-ВО ЭКСФОЛИАНТ МОНМИ ОБНОВЛЯЮЩИЙ 150МЛ,,,12.59,8.19,/upload/iblock/7a7/g5qlssndpfc4bw0xoo8ki1dx9cgaab89.jpg
ГУАШЬ ПАСТООБРАЗНАЯ 6 ЦВЕТОВ 00382,,,9.99,5.19,/upload/iblock/3f3/gpwv5f6sa3aylb8upboiidoffsznklu9.jpg
КРУГ ОДНОЦВЕТНЫЙ ПРОЗРАЧНЫЙ,,,13.99,6.99,/upload/iblock/ea8/bszgo2hpxrysao4pj156a9wqeco3a01e.jpg
КОНФЕТЫ ЖЕВ.КРЕМИ ТОФФИ ТРОПИЧЕСК.ВК.20Г,,,1.49,0.99,/upload/iblock/375/28ub0c0030ly0ie1nu19q91h8kcvwkiq.jpg
КОНФЕТЫ ЖЕВ.ДЖЕЛЛОП ХОТДОГ 20Г,,,1.49,1.19,/upload/iblock/f0c/4jde1rydd60wwj0hi8gzkuirrx4jd1z1.jpg
"Бритвенный станок BIC Miss Soleil, 2шт",,,10.35,7.75,/upload/iblock/5de/0vu5yut66ho2fnbabdcqlwafy2ij7y9m.jpg
КОВРИК ТУРИС.ВИЛДМЕН 180Х60Х0.8CМ АССОР.,,,29.99,19.99,/upload/iblock/988/u89drtoi1proid8937o261x36ljd7wbt.jpg
Конфета жевательная Фруктовые язычки 10г,,,0.99,0.69,/upload/iblock/46b/y7ow5luqp4enrjck0nyn0305v86dzgoy.jpg
ОГУРЦЫ МАРИН.ФУДМАКС КОРНИШОНЫ 720МЛ,,,6.49,4.59,/upload/iblock/599/pbuu36oxjukszm5d1ls651emhplp8f37.jpg
МИДИИ ЧИЛИЙСКИЕ САНТА-БРЕМОР В/М УП.250Г,,,7.59,6.99,/upload/iblock/996/jfqn0b7vyjvu1vw97zpat5s5c4e7ew2v.jpg
Набор обложек УМНЫЙ ВЫБОР для тетрадей 10 шт,,,2.49,1.75,/upload/iblock/24e/qbi39g08zy4stdj4td4m51z04omjuh2v.jpg
Набор ручек УМНЫЙ ВЫБОР 3 шт синие,,,1.99,0.75,/upload/iblock/160/8mpt9oblce95bi71bynamhf01ulehb4s.jpg
ПИРОЖНОЕ МИНДАЛ.С КРЕМ.ШОКОЛ.МАКАРОН 48Г,,,4.95,2.19,/upload/iblock/388/t3doz8ikvqbueobmiu26mnaarxttz4jc.jpg
СР-ВО Д/УНИТ.ТУАЛ.УТЕНОК ВИДИМ.ЭФФ.500МЛ,Средство чистящее для унитаза ТУАЛЕТНЫЙ УТЕНОК 500 мл,,4.99,3.99,/upload/iblock/909/foc2cc3m8605vtvc6qv2uyr6rvirt3lc.jpg
Коржи LUCKY DAYS для торта 380 г,,,6.99,5.99,/upload/iblock/eb2/sdmnnorfpgjsotl9gyzp08s1jnz9mv43.jpg
ШОКОЛАД БУШЕРОН ГОР.С ФУНДУКОМ 90Г,ШОКОЛАД БУШЕРОН ГОР.С МИНДАЛЕМ 90Г,ШОКОЛАД БУШЕРОН МОЛ.С ФУНДУКОМ 90Г,7.99,5.99,/upload/iblock/d2d/aa0z2ccvwh1mts3ixtu4r7f3txjlot3x.jpg
Филе сельди МАТИАС с приправами 250 г,,,4.59,3.69,/upload/iblock/b39/9yg6wckw0lb88wuj3j1mqyn1l6yeo8l9.jpg
Напиток чайный СТОЛЕТОВ 5 трав 20х1 г,,,3.95,1.99,/upload/iblock/88c/6zmkr7sbjfen6r9kifdpojzjyamc3hy3.jpg
Смесь овощная БАУЭР св/м картофель в овощах грибами 400 г,,,4.49,3.19,/upload/iblock/3c8/vatqz6430pjpbs9jbhshdlhw7oljd2og.jpg
Конфеты шоколадные CHOCODAN&#039;S 125 г,,,6.99,4.19,/upload/iblock/d36/t3vjtpv7z6p15r3j64m51ca14rx5set5.jpg
ЗАВТРАК ГОТ.ЮНИКОРН РАД.КОЛЕЧКИ ФР.195Г,,,8.39,6.99,/upload/iblock/895/m97146zxeqdbf7f57rb15l849jt6ffux.jpg
ПИРОЖНОЕ МИНИ ПАВЛОВА СЛИВОЧНОЕ 50Г,,,4.09,1.89,/upload/iblock/b69/ngfelkbw3rqfzar861tl73ywml8qipd7.jpg
ШАМПУР ПЛОС.450Х10Х1.5ММ НЕРЖ.СТ.,,,3.49,2.19,/upload/iblock/d6f/oo72fvjdo1sy2jevqipg7gcbrbdnveg0.jpg
НАПИТОК Н/ГАЗ.ЮР ВОТЕР ЧЕР.ЧАЙ ЛЕС.ЯГ.1Л,,,2.59,1.99,/upload/iblock/d41/6bnkmyvi0nto3o32r8x09eu2t1pdayms.jpg
ЧАЙ ЛИПТОН АРОМ ЗЕЛ.20*1.8Г,,,5.39,3.99,/upload/iblock/524/wdhmk5to7a8clw9bonhzyr44toqd603u.jpg
ЧАЙ АХМАД ЗЕЛЕНЫЙ ЖАСМИН 25*2Г,,,7.99,4.49,/upload/iblock/872/uzrmuxal795ad3zqe2yge1pjpdi2x6az.jpg
ЧАЙ АХМАД МЭДЖИК РОЙБУШ КОРИЦА 20Х1.5Г,,,7.05,4.49,/upload/iblock/1b2/ww32dxy28bblhqwoh1gxxfarlehik61p.jpg
ЧАЙ АХМАД КИТАЙСКИЙ ЗЕЛ.ЛИСТ.100Г,,,5.89,3.69,/upload/iblock/4ed/t890gwy293g0fiyzpngbttgsllanvghm.jpg
НАСАДКА НА ШВАБРУ 42*13CM РОЙМАН,,,4.99,2.99,/upload/iblock/5dc/eyi8y9rzp95p01nwmm5hvt4ff68t19xg.jpg
Швабра плоская УМНЫЙ ВЫБОР,,,9.99,7.99,/upload/iblock/1e9/9vmzvp0gy2owij3h5gfv4gjll5v22xzw.jpg
"Бритвенный станок BIC 3 Sensitive, 4шт",,,11.19,8.39,/upload/iblock/290/va0nriwn2omxyw22loj3yu128mfi5a3c.jpg
ДЕЗ.-РОЛ.АДИДАС КЛИМАКУЛ ЖЕН.50МЛ,ДЕЗ.-РОЛ.АДИДАС 6В1 ЖЕН.50МЛ,,9.25,6.49,/upload/iblock/ea3/1oscjlpxwo27hftlk6v4re11bhilclt5.jpg
ДЕЗ.-РОЛ.АДИДАС КЛИМАКУЛ МУЖ.50МЛ,ДЕЗ.-РОЛ.АДИДАС СПОРТ ЭНЕРЖДИ МУЖ.50МЛ,ДЕЗ.-РОЛ.АДИДАС 6В1 МУЖ.50МЛ,11.85,8.29,/upload/iblock/c11/ho255iyyo7qjkm5pm8m4am0f93jjzu77.jpg
"Таблетки Frosch для посудомоечной машины лимон, 26шт",,,30.99,23.99,/upload/iblock/f5c/oj05kqrm8w04ez16yaqyv2g7ga9dfmbt.jpg
Гель Frosch для стирки детского белья,,,35.99,24.99,/upload/iblock/60e/nrtqpxdw59tisjegg7azqa8w6iuvsxcx.jpg
БАТОНЧИК ШОК.МИЛКИ ВЭЙ 26Г,,,0.79,0.69,/upload/iblock/5bd/x0253wev4k9plm35cn5ryhm6cselhmqz.jpg
АНТИП.-АЭРОЗ.ОЛД СПАЙС ВУЛЬФЗОН 150МЛ,ДЕЗОДОРАНТ-АЭРОЗ.ОЛД СПАЙС АСТРОН.150МЛ,,16.99,12.99,/upload/iblock/624/g5pwjm3gk1ppx1ippbltr01nmnwrhm5j.jpg
КОВРИК НЕСКОЛЬЗЯЩИЙ АЛКА 730,,,9.99,4.99,/upload/iblock/7e6/tvgy2njwg9yudk4orrdiip93894gkq1l.jpg
НАБОР РУЧЕК ШАР.4ШТ КЛАССИК СТИК 22032,,,6.99,4.39,/upload/iblock/bcd/b30c8am1x2rnw5l8ctmpqhhcfliyhzz6.jpg
МАРКЕР ПЕРМ.2-ХСТ.PE55 ЧЕРНЫЙ BMD-07101,,,3.99,2.79,/upload/iblock/01a/vwq8yny397dn70sx2plft42xgma5b6cj.jpg
ПЛАСТИЛИН ЮНЫЙ ХУДОЖНИК 12ЦВ.СТ.280045,,,9.99,6.59,/upload/iblock/b41/urvs9n4u6i1786ssgps32m0jvkyg2qzh.jpg
ГУАШЬ МУЛЬТИКИ ГАММА 6ЦВ.20МЛ,,,16.99,11.99,/upload/iblock/582/prpmmae52smsemfoe2h9ye1lfrssxwu0.jpg
КРАСКИ АКВ.МУЛЬТИКИ ГАММА 12ЦВ.211046_12,,,5.89,4.99,/upload/iblock/99c/htyk7knctdqh4fmdamjxc2itp8anx9y6.jpg
НАПИТОК КОКОСОВЫЙ КОКОНАТ С РИСОМ 750МЛ,НАПИТОК МИНДАЛЬНЫЙ АЛПРО 750МЛ,,9.29,7.99,/upload/iblock/b35/21j9sssu0s3ub0ah9wvvoxf8wk022gla.jpg
КОФЕ НЕСКАФЕ ГОЛД АРОМА ИНТЕНС.РАСТ.170Г,,,21.39,17.99,/upload/iblock/35b/81its0m407yybr03tdcqazalk9knus20.jpg
Масло подсолнечно-оливковое Altero Golden рафинированное,,,7.59,6.99,/upload/iblock/6f5/uvgtbbtwi493vfyx18fmwrj099cgmxz9.jpg
СПРЕЙ Д/ВОЛ.МАЛ.ФЕЯ ЛЕГК.РАСЧЕС.160МЛ,,,6.99,5.99,/upload/iblock/e67/04zumq1pzgdv2yh15go5cwzq5b6ufl5c.jpg
САЛФЕТКИ ДЕТ.ВЛ.АУРА УЛЬТРА КОМФ.120ШТ,,,5.99,4.49,/upload/iblock/5fa/sgvpgiv3igzglu2wc1f8pud3cjrk8dh3.jpg
МЮСЛИ НА ЗДОРОВЬЕ ЛЕСНЫЕ ЯГОДЫ 300Г,,,7.89,6.99,/upload/iblock/658/89yk2kta3lq8hx5nxg0ay860b8ab25t3.jpg
Мюсли НА ЗДОРОВЬЕ 300 г,МЮСЛИ НА ЗДОРОВЬЕ ШОК/ОРЕХИ 300Г,,6.79,5.99,/upload/iblock/e08/2ajppkd8ppfh4jqpzuhr48ai1kp6cay4.jpg
"Посуда пластиковая КУВШИН ГРИЛЬ МЕНЮ 1,2 л с крышкой",,,8.99,4.99,/upload/iblock/c04/5jrz850i5995wzgxbzx2lnn5f9rd0gud.jpg
СТАКАН 0.4Л С ДЕКОРОМ ПРОЗР.ГРИЛЛ МЕНЮ,,,2.49,1.69,/upload/iblock/4ba/c61aoj4ly3krjwbbd2u54hb0etov2u1c.jpg
Посуда пластиковая СТАКАН ГРИЛЬ МЕНЮ  400 мл,,,2.49,1.69,/upload/iblock/99f/dvzfek0c97bjldoypx9cbmlzyvo70epf.jpg
Посуда пластиковая ТАРЕЛКА круглая d=190 мм,,,2.99,1.99,/upload/iblock/744/lrvg0olda43pkyohv7wvqtnj77bm5i08.jpg
БАНКИ 0.3/0.7Л С ЗАКРУЧ.КРЫШКОЙ 2ШТ,,,3.99,2.99,/upload/iblock/03e/gfxtojq45km2ngfg6c3alnw7x40htn2g.jpg
МИСКА 0.6Л С КРЫШ.ГРИЛЛ МЕНЮ САЛАТОВЫЙ,МИСКА О.6Л С КРЫШКОЙ ГРИЛЛ МЕНЮ,,4.99,2.99,/upload/iblock/b0a/m2qoix13vupzbdyvq59bkmpsnrh780r2.jpg
ВЕЕР Д/РАЗДУВА ОГНЯ ГРИЛЬ МЕНЮ,,,1.99,0.99,/upload/iblock/9d7/gl6f4657e0ronu6yb4ole6fr7f96ku7m.jpg
МАК.ИЗД.МАКФА ТРИКОЛЛИНИ СПИРАЛИ 450Г,МАК.ИЗД.МАКФА ТРИКОЛЛИНИ СВИТКИ 450Г,,3.39,2.39,/upload/iblock/1b2/76640tjrt8axkb4kdel0rqw5kg0d67yb.jpg
АЛЬБОМ Д/РИС.20Л.МОРСКАЯ ПРОГУЛКА 46906,,,6.99,4.69,/upload/iblock/78a/hgp1n7j1oep8py8cfsl7pi9mc93hgs64.jpg
ГЛИНА КОСМ.БЕЛАЯ 100Г,ГЛИНА ГОЛУБАЯ КЕМБРИЙСКАЯ 100Г,ГЛИНА ГОЛУБАЯ ОНЕЖСКАЯ 100Г,3.29,1.99,/upload/iblock/d83/wczp1rxfvvqqyqv6so6awccienu2y1ni.jpg
ТЕТРАДЬ КЛ.48Л.СКР.ЛОРЕКС ДРАКОН.ФРУКТ,,,3.09,1.79,/upload/iblock/d15/7ypg3pqno2ebehcdjyl42nmqrprq1bil.jpg
ТЕТРАДЬ 48Л.СКР.ЛОРЕКС ИНСТА ФУД,ТЕТРАДЬ 48Л.СКР.ЛОРЕКС ВАН ТОН ЛУК,,4.29,2.49,/upload/iblock/10c/g16qq5929b4a4q775fuppub9al89qq0p.jpg
ТЕТРАДЬ 48Л.СКР.ЛОРЕКС АНТИТЛЕД ДИСИГН,,,4.49,2.59,/upload/iblock/615/b9bd6d5ef08pdbwbbkz1b3ypx1zjc1ir.jpg
ТЕТРАДЬ 48Л.КЛ.СКР.ЛОРЕКС МИНИМАЛИЗМ,,,3.59,1.99,/upload/iblock/5da/c1weoyatwqn6kji1js63ig0nw0p1e72e.jpg
ТЕТРАДЬ КЛ.48Л.СКР.ЛОРЕКС ДИСТАНТ ЛУК,ТЕТРАДЬ КЛ.48Л.СКР.ЛОРЕКС СИМПЛ,ТЕТРАДЬ КЛ.48Л.СКР.ЛОРЕКС ВЕЛВЕТ МОТИВ,3.99,2.19,/upload/iblock/bff/t13xbw3w9i230i4qww3fwevm8bwcqh98.jpg
КАРАНДАШ ЧГ ЛОРЕКС V-TYPE МОНОХРОМ НВ,,,1.69,0.89,/upload/iblock/78b/5iag9goujmo9gi0t88oe2072iqn25pk7.jpg
КАРАНДАШ ЧГ ЛОРЕКС ВУД ГРАНЖ НВ,,,1.49,0.79,/upload/iblock/009/h8wflj6gt1qk02p6e4jigi2njx8s4u6q.jpg
РУЧКА МАСЛ.ЛОРЕКС РУЛ ВОЯЖ СИНИЙ 0.7ММ,,,4.49,2.59,/upload/iblock/7ff/9ecwgfmng7wjttyp4fvbuk66nk1qu28f.jpg
РУЧКА МАС.ЛОРЕКС ФОВИЗМ СИН.0.5ММ,,,4.29,2.39,/upload/iblock/16c/7jwi7sz2ohl8ybiecp6yaim7g3xzls6p.jpg
РУЧКА МАСЛ.ЛОРЕКС ВИЛД ПРИНТ СИНИЙ 0.5ММ,,,4.39,2.49,/upload/iblock/6bd/s0e5fw7hzvvkbrdix0q3cxvuw2l53xen.jpg
ТЕТРАДЬ 48Л.КЛ.СКР.ЛОРЕКС НОУ ПЛАСТИК,,,3.29,1.89,/upload/iblock/28b/tnyazxrl54ghn1c7x2ffz7266v5ol13r.jpg
ЩЕТКА ЗУБН.СПЛАТ ПРОФЕШНЛ УАЙТИНГ СРЕДН.,,,10.79,7.55,/upload/iblock/00d/egqxwdr2lxpwo8mtekwguh0jiyxzj6sf.jpg
ЩЕТКА ЗУБН.СПЛАТ СЕНСИТИВ МЯГКАЯ,,,11.35,7.99,/upload/iblock/0d8/4xyodxqs56ghddrxhefl7gvrv4pbhujh.jpg
ФОЛЬГА ДОМ.СУНДУК УНИВЕР.29СМ*10М ДС-104,,,8.99,5.99,/upload/iblock/4f7/kzqewvvlqa6jp233x9f050ld7oj6rei5.jpg
ФОЛЬГА ДОМ.СУНДУК ПРОЧН.29СМ*10М ДС-200,,,11.99,6.99,/upload/iblock/58e/88h25vohhfze8wecnpp8ys2z1evjrzag.jpg
ДЖЕМ МИСТЕР РИККО ДЕСЕРТ.КЛУБ/ВИШН.300Г,,,4.99,3.99,/upload/iblock/e2e/espw6kybje18lyqpyectb036q055e2cc.jpg
ВАФЛИ ДАРЛЕТТО С КАРАМ.НАЧИНКОЙ 220Г,,,3.99,3.59,/upload/iblock/2e8/mf979l2b8j1b5fkiufa0tezr4gm6w23f.jpg
Чай черный ГРИНФИЛД ГОЛДЕН ЦЕЙЛОН 100 г,,,6.39,4.69,/upload/iblock/114/3bkouhvaoj5h3ir7854se8hx2nlnusvy.jpg
НАПИТОК ЧАЙН.ГРИНФИЛД САММА БУКЕТ 25*2Г,ЧАЙ ГРИНФИЛД СПАЙСИ МАНГО 25*1.5Г,,4.89,3.69,/upload/iblock/08f/hlrqxc59pvxgcktqiq8nj3sakew1gjci.jpg
ЧАЙ ГРИНФИЛД МЕЛИСА ЗЕЛ.25*1.5Г,,,4.89,3.49,/upload/iblock/b70/tjkthg9rxl3clsbh6e6qiqao4z1y7wcq.jpg
КОФЕ ЖОКЕЙ ИТАЛЬЯНО МОЛ.100Г,,,4.99,3.49,/upload/iblock/b6e/6aydfk1z9ua5s722j81yayksf7lvb112.jpg
ЧАЙ ГРИНФИЛД БЛЮБЕРИ НАЙТС ЧЕРН.25*1.5Г,,,4.89,3.69,/upload/iblock/e25/g3vk9shgut5rclqah4varoleb5yiyj3x.jpg
ОПОЛАС.Д/ПОЛ.РТА ПРЕЗИДЕНТ АНТИБАК.210МЛ,,,14.99,8.99,/upload/iblock/833/0lvs3zxhven7vk469tlixg49yp1n9811.jpg
СТАКАН 290МЛ 42402 348241,,,2.39,1.69,/upload/iblock/cb0/pdf7q3dla71xef5pmg1176nvqv8aqeyp.jpg
КРУЖКА ПИВНАЯ 670МЛ,,,7.39,4.99,/upload/iblock/4df/go0i0jyhm6iogkb3ik79y5b8ujogwtfg.jpg
БАНКА 500МЛ С ПЛАСТ.КРЫШ.43003 1071498,,,5.59,3.99,/upload/iblock/f98/0aer1gtms26ohiuq0jgtf2h37y8txzg5.jpg
БАНКА С ПЛАСТ.КРЫШКОЙ ЧЕРЕШНЯ 420МЛ,,,5.15,4.29,/upload/iblock/903/1x4ulakpq80kpk1zboq3rwdjrebdvf7f.jpg
БАНКА С КРЫШК.ЗЕЛ.220МЛ 42230 1078184,,,4.09,2.99,/upload/iblock/512/62zf2nymbodxej4clakqjv4lsk23isgx.jpg
НАБ.БОКАЛОВ 2ШТ 460МЛ 440275 1106132,,,13.99,9.99,/upload/iblock/441/874yfw4neaayfmf3rsi3j62r07po8lkj.jpg
НАБ.БОКАЛОВ 2ШТ 210МЛ 440295 1109029,,,12.99,8.99,/upload/iblock/43c/up1egndyvg8r362dwh6zntlip5hr9i66.jpg
ЩЕТКА ЗУБН.КОЛГЕЙТ Д/ДЕТЕЙ,,,4.31,3.29,/upload/iblock/6de/v203mupvrzk4xmhr575u5w79w1feev2z.jpg
Детская зубная паста Colgate &quot;Доктор Заяц&quot; со вкусом клубники,ПАСТА ЗУБН.ДЕТ.КОЛГЕЙТ ВК.ЖВАЧКИ 50МЛ,,6.44,5.29,/upload/iblock/634/fi9ct3iq7kzwjq6b85tvzwptdkwepegr.jpg
ЗАВТРАК ГОТ.НЕСКВИК ШОКОЛАД 250Г,,,6.55,4.25,/upload/iblock/a2f/5o5fhcq5e1wui0f5x3eiheb1rs4mvlth.jpg
ГВОЗДИКА АЙДИГО 10Г,,,2.35,1.49,/upload/iblock/e6a/71ovp5a5hdxmiyeaagzpols5h8egevqm.jpg
ОРЕХ МУСКАТНЫЙ АЙДИГО МОЛОТЫЙ 10Г,,,1.79,1.39,/upload/iblock/7a9/m5vpyc302lfxj039v6z7ks9qn51tnq6s.jpg
ПРИПРАВА АЙДИГО Д/ОВОЩ.САЛАТОВ 30Г,,,1.79,1.49,/upload/iblock/0d8/lidh5gn0ek0iff1fsu49tur8p01ud4l8.jpg
Кисель АЙДИГО брусника/малина 80 г,,,2.09,1.59,/upload/iblock/466/v180zfrhul2ft3j0phvzj5auk2sq4pg6.jpg
ПРИПРАВА АЙДИГО ЛИМОННЫЙ ПЕРЕЦ 30Г,,,2.05,1.79,/upload/iblock/5f7/mtzg3xnlyl02k0w6zg6t0ffi7jcvwly3.jpg
РОЗМАРИН АЙДИГО 10Г,,,1.39,1.09,/upload/iblock/99b/l3cg4b0nzld8fossbhz9o22chw5p9n07.jpg
КИСЕЛЬ АЙДИГО ЧЕРНИКА/ЧЕРН.СМОРОДИНА 30Г,,,1.09,0.79,/upload/iblock/f62/o94c2g0bdktdeytjwpq401gnhsaqwkd7.jpg
СЕМЕЧКИ ПОДС.ОТ МАРТИНА СОЛ.100Г,СЕМЕЧКИ ПОДС.ОТ МАТРИНА ПРЕМИУМ СОЛ.100Г,,2.49,1.99,/upload/iblock/3fb/k06o18o1bsv7x8uyfzocz6tx5us0z6lm.jpg
БАТОНЧИК БИОНОВА ФР-ОРЕХ.ЯБЛ/КЛУБН.35Г,БАТОНЧИК ФРУКТ-ОР.БИОНОВА МАР/КОКОС 35Г,БАТОНЧИК ФРУКТ-ОР.БИОНОВА ЧЕР/ЯБЛ.35Г,2.89,1.99,/upload/iblock/117/pbfwgodyb212n2j375u0ekc2fr32soyy.jpg
КАША ОВС.БИОНОВА С ШОК.ПРОТЕИН.Б/П 40Г,КАША ОВС.БИОНОВА С ЧИА ПРОТЕИН.Б/П 40Г,,2.39,1.49,/upload/iblock/c85/twg93vvbn094nwwd99372oaa7y6m18f8.jpg
СЫР МЯГК.ПРЕЗИДЕНТ КАМАМБЕР 45% 125Г,,,8.15,6.99,/upload/iblock/94a/iyh3liq5w9rp5mzs4kvzx1tdox509v8r.jpg
Горбуша натур. Рыбный мир,,,5.49,4.29,/upload/iblock/5b8/mfmpptzd7od25jwvtx07auesnnqu745e.jpg
ЧАЙ РИЧАРД ЛОРД ГРЕЙ ЧЕРН.25*2Г,,,5.25,4.69,/upload/iblock/080/rzrnxsy14wwcyxwue1o4qxhw6bsmrk32.jpg
ХЛЕБЦЫ ДР.КОРНЕР РИСОВЫЕ 100Г,,,3.65,2.49,/upload/iblock/254/lnbnxehmy2akqnh6thawzcif9smrvd9k.jpg
ХЛЕБЦЫ ДР.КОРНЕР ЗЛАК/КОКТ.МЕДОВ.100Г,Хлебцы Dr. Korner Яблокo с корицей,,4.35,2.99,/upload/iblock/650/gjzdh1xurrmwdaopg6l208iji50fp4jz.jpg
ХЛЕБЦЫ ДР.КОРНЕР КУК/РИС.С ПРОВ.ТР.100Г,,,5.45,3.49,/upload/iblock/1e5/pz2hbkhgtk22o7o6dt9k0eggqo0j8alt.jpg
ЧИПСЫ ДР.КОРНЕР КУК/РИС СЫР НАЧО 50Г,,,3.05,1.99,/upload/iblock/c04/112jq0cqa8sjfkqqmlezvrvhrehp08sq.jpg
СР-ВО ЧИСТ.ГРАСС Д/ВАННОЙ КОМНАТЫ 600МЛ,,,12.39,8.99,/upload/iblock/501/io0200x1v87eszdr9qlgaqrsr85bxp0z.jpg
СР-ВО ПОЛИР.ГРАСС СТИЛ 600МЛ,,,10.49,6.99,/upload/iblock/b11/9q00z5df0lpvcbrh26ere1ag6o9moqdb.jpg
Крупа БУЛГУР агро-альянс 450 г,КРУПА БУЛГУР АГРО АЛЬЯНС 5*80Г,,4.15,2.49,/upload/iblock/682/u7mbl7nn8cgtc9020qcqi7na294ffv9a.jpg
Хлебцы &quot;Сладкая жизнь&quot; к завтраку,ХЛЕБЦЫ ХРУСТЯЩИЕ С ЛУКОМ 150Г,ХЛЕБЦЫ НЕВСКАЯ МЕЛЬНИЦА ПОСТНЫЕ 150Г,1.99,1.45,/upload/iblock/6f8/zwntge9102yrbt8u4x14xocsp6aoy1iw.jpg
ХЛЕБЦЫ ЩЕДРЫЕ БОРОДИНСКИЕ 100Г,,,2.45,1.65,/upload/iblock/fe3/juu71umvn41g2mzw6qnw2i29zfs87ma4.jpg
ХЛЕБЦЫ ЩЕДРЫЕ БОРОДИНСКИЕ 200Г,,,4.05,2.89,/upload/iblock/c0c/awzhhvuhs5rf4kz2vddc2yvbavv0bbby.jpg
ХЛЕБЦЫ ХРУСТ.ЩЕДРЫЕ РЖАНЫЕ ТОНКИЕ 170Г,,,4.95,3.29,/upload/iblock/5e2/ioucmt11lxbr8n1r69kdbk7isz5bn4q4.jpg
ХЛЕБЦЫ ЕЛИЗАВЕТА РЖАНЫЕ 100Г,ХЛЕБЦЫ ЕЛИЗАВЕТА РЖАНО/ГРЕЧНЕВЫЕ 90Г,,2.25,1.55,/upload/iblock/999/3p318i0zo727hifli9sul2oinie3vrq1.jpg
ЗЕФИР ЗЕФИРНОЕ ОБЛАЧКО АССОРТИ 250Г,,,6.99,4.99,/upload/iblock/4cf/qoq7444bquf3q8p2ixaj3axysxq0ejtt.jpg
ЗЕФИР ЗЕФИРНОЕ СЧАСТЬЕ АССОРТИ 380Г,,,7.99,5.99,/upload/iblock/a46/0p4tpuzj2nty3qj32o0sjv30nacglb6t.jpg
ЗЕРНО КУКУР.КОРИН КОРН Д/СВЧ СЛИВ.100Г,Попкорн для микроволновой печи КОРИН КОРН 85 г,,3.29,2.69,/upload/iblock/86a/78cspugo7uxzlata414e082qpavzkrba.jpg
ДОСКА РАЗДЕЛ.МАЛАЧИТ 30.5Х23Х0.9СМ,,,23.99,11.99,/upload/iblock/ab3/lez7mnzztuakfm4k3gvpg0far1bh7b0p.jpg
Посуда керамическая КРУЖКА 340 мл,,,9.99,4.99,/upload/iblock/efa/u1nwedi22pmm07xba08453bnc2x471kt.jpg
Посуда керамическая ТАРЕЛКА 20 см,,,10.99,5.49,/upload/iblock/fe8/q010f6hp7ezfzot16xaswf0k0ji8mseo.jpg
ПЕНАЛ-КОСМЕТИЧКА НА МОЛ.195*40*84 АССОР.,,,5.99,3.99,/upload/iblock/22b/g3ht9uvb981u7j6v8ec7q0v8pqhv7tzr.jpg
ПЕНАЛ-КОСМЕТИЧКА ТКАН.НА МОЛНИИ АССОРТ.,,,3.99,2.49,/upload/iblock/985/kbd316y0n86jbwuql3wdgvw2t15iwdew.jpg
ПЕНАЛ 1 СЕКЦИЯ 190*90*40 АССОРТ.,,,4.99,2.99,/upload/iblock/5ef/8ahs1sj5523vt50icz0mkz9czr8qli7l.jpg
ПАПКА для тетрадей,,,5.49,3.39,/upload/iblock/c1a/563if1c5azkdvj3b13mh5o0501530gk8.jpg
ПАПКА Д/ТЕТР.ПЛАСТ.ДИЗАЙН 23*19*5 АССОР.,,,5.99,3.69,/upload/iblock/2a1/onxn0rnfye058q58jiiqtkug841q197m.jpg
ЧАЙ ХЭЙЛИС АНГЛ.ЗЕЛ.25*2Г,,,4.89,3.25,/upload/iblock/9f9/pbxirr1ob6qq82r4igqhqs39hhvtc25x.jpg
СР-ВО Д/МЫТ.СИНЕРГЕТИК ЦИТР.СВЕЖ.750МЛ,,,9.99,6.49,/upload/iblock/bd1/e32r2ewt1ic4hqqaoz7k2yuu13gz5w3h.jpg
Мыло жидкое СИНЕРГЕТИК 1 л,МЫЛО ЖИД.СИНЕГРЕТИК МЕЛИССА/РОМАШКА 1Л,,17.99,10.59,/upload/iblock/e84/vyd385mslfhekb4f29bejlmoc3vujqja.jpg
ЗАВТРАК ГОТ.ДИНОЗАВРЫ КАРАМЕЛЬ.ЛАПЫ 220Г,ЗАВТРАК ГОТ.ДИНОЗАВРЫ ШОК.ЛАПЫ/КЛЫКИ220Г,,7.45,5.99,/upload/iblock/828/5hw0yg5v1yq0dnebt1lb303ysvg9u172.jpg
ЗАВТРА ГОТ.КЕЛЛОГГ ДИНОЗ.ШОК/БАН.200Г,,,7.45,5.99,/upload/iblock/95a/cpim1ys3hwzvim45ovk211oo2rpma3dk.jpg
ПОДУШЕЧКИ КЕЛЛОГГ ЮНИКОРН ФРУКТ.200Г,,,8.39,6.99,/upload/iblock/d82/wvbz76mz86hu3zjicj0y3yikdmrad0s8.jpg
БУМАГА цветная двухст. А4 16 л,,,1.99,1.39,/upload/iblock/275/e0wp8pye1g5x2ywbzvqt0138thoayc2b.jpg
ШАР ШОК.ПЛЕЙ МИ ЛОЛ 50Г,,,8.99,7.99,/upload/iblock/181/17ln5tflpqeqnnlmjbhfx370cw2jz165.jpg
КАРАМЕЛЬ ЛОЛЛИ БОКС ПОНИ 11.4Г,,,4.99,3.99,/upload/iblock/bfd/5zajkdfv84cegk7u1f1gukwmhlu1n2nb.jpg
Тунец &quot;от Иваныча!&quot; натуральный,,,5.95,4.29,/upload/iblock/88c/ddi5h7a1eznkkje9dbt7m5axmouc9jew.jpg
КОНСЕРВЫ рыбные печень трески натуральная 115 г,,,9.89,7.49,/upload/iblock/640/8y0b3jtvwmmrycflep2f321eo9vlhhmg.jpg
СР-ВО Д/ПЛИТ СИНЕРГЕТИК 500МЛ,,,13.59,9.99,/upload/iblock/9fa/36idpwarjn5hs38lotvy1400o6b5mnqu.jpg
СР-ВО Д/ОКОН/ЗЕРК.СИНЕРГЕТИК 500МЛ,,,9.95,7.49,/upload/iblock/b9c/cbt4t1hdc0fq95a07e1153gw9g340kzt.jpg
ОСВЕЖ.ВОЗД.ГЛЭЙД АВТ.СВЕЖЕСТЬ 175МЛ,,,28.79,23.99,/upload/iblock/0c6/nakoq0xlrnqcpstsoc1p0u84j05d7iro.jpg
Пшено &quot;Мелькруп&quot; Шлифованое,,,1.76,1.55,/upload/iblock/e19/y8h8aa3sytk1znxwex5qmh9lr72pn5k8.jpg
ЧИПСЫ ИЗИ ПИЗИ ВК.СЫРА 70Г,ЧИПСЫ ИЗИ ПИЗИ ВК.ХОЛОДЕЦ С ХРЕНОМ 70Г,ЧИПСЫ ИЗИ ПИЗИ ВК.МАЛОСОЛ.ОГУРЕЦ 70Г,3.79,3.29,/upload/iblock/f5e/era45lcxvpc1xmwlxq7odhzx8pd5q886.jpg
СМЕСЬ КЛУБНИКА И ЗИМОЙ И ЛЕТОМ 300Г,,,4.99,4.69,/upload/iblock/988/gfs5lh39zajk072qcb1p7pgx1edda182.jpg
НАБОР ШАМП.ПЛ.450Х10Х1.5ММ 6ШТ НЕРЖ.СТ.,,,13.99,9.99,/upload/iblock/b27/8md12rn89likdjf227gu0gracibbzmec.jpg
ВЕЕР Д/РАЗДУВА ОГНЯ СМАЙЛ,,,2.99,0.99,/upload/iblock/99b/lv93ocgh2p8xslm2u3sptnpzv2l69q84.jpg
ПЛЕНКА ПИЩ.ДОМ.СУНДУК В РУЛОНЕ 30М ДС-50,,,4.99,2.99,/upload/iblock/2dc/nhns4a2m41os72c2ct11fjrr1xujc0xe.jpg
ПЕРГАМЕНТ Д/ВЫП.ДОМ.СУНДУК 30СМ*5М ДС-98,,,4.99,2.99,/upload/iblock/a7a/ky1k1jwv2p8feoldiyacn7a7l7q3juin.jpg
ПАКЕТЫ Д/ЗАП.КЛИП.ДОМ.СУНДУК 25*40СМ 4ШТ,,,4.99,2.49,/upload/iblock/9dd/1f0tn1jja0t87wymas7ar8u9fkz41585.jpg
БУМАГА Д/ВЫПЕК.ДОМ.СУНДУК 30СМ*5М ДС-53,,,2.99,1.99,/upload/iblock/fb1/kfg90811uhrxvd296uu5fbn40ou76jku.jpg
ПАСТИЛА БЕЛЕВСКАЯ С КОРИЦЕЙ 200Г,,,9.99,8.99,/upload/iblock/bd3/t3kuf5yv5ybijp73orb3299zsmbvjkms.jpg
МАРМЕЛАД БЕЛ.ПАСТ.МАНУФАК.АССОРТ.260Г,,,7.99,6.99,/upload/iblock/3f1/e5ajqsg0hje11ducpkn96y1qaetauq4v.jpg
ПАСТИЛА БЕЛЕВСКАЯ С ЧЕРН.СМОРОДИНОЙ 100Г,ПАСТИЛА БЕЛЕВСКАЯ С БРУСНИКОЙ 100Г,,5.99,4.99,/upload/iblock/a8e/xapbmhgeu36qs0i1vvj8d1ccxargtpot.jpg
СР-ВО ЧИСТ.ГРАСС WC-ГЕЛЬ 1000МЛ,,,10.99,6.99,/upload/iblock/d12/35acbb47qpaacdildg0xaaok107hx1nr.jpg
ЛОПАТКА 41СМ НЕРЖАВЕЮЩАЯ СТАЛЬ,,,17.99,7.99,/upload/iblock/758/3fdhkg0pgmyeoydtdxppst0teiu4mrgr.jpg
ТРУБОЧКА ВАФ.СИМОНА ВАР.СГУЩ/ТОП.МОЛ.70Г,Трубочка вафельная с вареной сгущёнкой,,1.89,1.69,/upload/iblock/4c8/1qnzpmf4srkd5scq9cbza2gbgrh52ki6.jpg
СР-ВО Д/ПОС.МАШИН ФИНИШ ЛИМОН ЧИСТ.250МЛ,,,22.39,16.99,/upload/iblock/dd0/pjuvghna5icrzqwrjq3stxhrfdixnpvt.jpg
СР-ВО ПЯТНОВЫВ.ВАНИШ ОКСИ 250Г,,,10.49,9.19,/upload/iblock/f1c/www5088bavybbxmp2wqqaisto26s9wp8.jpg
CР-ВО Д/CМ.ВОДЫ КАЛГОН ОТ ОБР.НАК.750МЛ,,,23.99,18.99,/upload/iblock/024/9q5a9e665fnf86eqcet29hg2wb9yjfzv.jpg
ПОЛОТЕНЦА БУМ.СОФФИОНЕ МЕНЮ 2-ХСЛ.2РУЛ,,,4.79,2.99,/upload/iblock/e4e/e1647zrb5ixhu3e0ghjeqz7g8ipo6nkr.jpg
ПОЛОТЕНЦЕ БУМ.СОФИОНЕ МАКСИ 2-ХСЛ.2РУЛ.,,,7.99,5.99,/upload/iblock/f93/79lvsebf6sncllc5pmei08wfn9ivycao.jpg
БУМАГА ТУАЛ.СОФИОНЕ ИМПЕРИАЛ 4-ХСЛ.4РУЛ.,,,5.05,4.59,/upload/iblock/cfe/fwcgip4pffot12krb0sutf8qj9nqj4pt.jpg
СТЕРИЛИЗАТОР Д/БАНОК 3-ХМЕСТ.МОСКВИЧКА,,,6.79,4.99,/upload/iblock/6f1/0tur6chyyum5fd0syys86n80x3kc6vz8.jpg
САЛФЕТКИ ВЛ.Я САМАЯ ОСВЕЖ.63ШТ,,,5.99,3.49,/upload/iblock/f52/3zhmfi3mid3x4eobrh882j0kq2jv17oq.jpg
СР-ВО ЧИСТ.ГРАСС УНИВЕРСАЛЬНОЕ 600МЛ,,,11.59,7.99,/upload/iblock/73d/mje9trr135gjypbuxmcv0gvsy78mjuz6.jpg
Сыр БРИ ИЗ ЖУКОВКИ 60% 125 г,"Сыр БРИ, КАМАМБЕР ИЗ ЖУКОВКИ 60%, 50% 125 г",,8.99,7.29,/upload/iblock/2ea/11i91dej62b30turx3qyx4ylgbp3zqiy.jpg
КОЗИНАК УМНЫЙ ВЫБОР ПОДСОЛНЕЧНЫЙ 150Г,,,1.49,1.39,/upload/iblock/0b7/vh2qox9tkobqaxfi9gycr9bnjxb4k8xr.jpg
Набор столовых приборов BOYSCOUT в чехле,Набор стопок BOYSCOUT 4*30 мл в чехле,,19.99,9.99,/upload/iblock/4a9/1t8hei8u64rj4mknrb2hfjyb6u1ln5v6.jpg
Термокружка складная BOYSCOUT 200 мл,,,17.99,8.99,/upload/iblock/b45/g3g08kxkbgeltj3jw59e5fks5txw1wbn.jpg
НОЖ ГРИБНИКА С ЩЕТОЧ.11*20СМ AN84-128,,,9.99,5.99,/upload/iblock/757/b780esdqnrsvkrh4tk77ukharxpinaeq.jpg
МЕШОК Д/СТИРКИ 40Х50СМ MJ87-77,,,9.99,5.99,/upload/iblock/456/3t63nnmjpwv6eymtetezup0v7x3f0crv.jpg
СЫРОК ГЛ.А.РОСТАГОКОМП.26% М.ШОК/ВАН.50Г,СЫРОК ГЛ.А.РОСТАГОКОМП.26% Б.ШОК/ВАН.50Г,,3.55,3.19,/upload/iblock/274/uijan2zha15cri3s1llsrasu2j4jxdxi.jpg
БАТОНЧИК ШОК.СНИКЕРС АРАХ/КАРАМ.НУГА 80Г,,,2.29,1.89,/upload/iblock/633/s9wu1eaq2pt0f8nhib4lng0buhorhgtp.jpg
ЧЕХОЛ Д/ХРАН.ВЕЩЕЙ 115Х50Х15СМ ИЛ70-11,,,11.99,8.99,/upload/iblock/0de/efaeghufg8jh4zyk2z4s6vxmpkqh1crh.jpg
КОВРИК АНТИБАК.В ХОЛОДИЛ.50*33СМ МГ76-58,,,9.99,6.99,/upload/iblock/d19/ntwkpd62mmdnb13iggbfsb3sukj0synd.jpg
КОНФЕТЫ ФИНИКСЫ АПЕЛЬСИН В ГЛАЗ.180Г,КОНФЕТЫ ФИНИКСЫ ЧЕРНОСЛ.В ГЛАЗ.180Г,КОНФЕТЫ ФИНИКСЫ КИВИ В ГЛАЗ.180Г,7.99,6.99,/upload/iblock/ce5/41tsgtttrxpiw8zuxd7z818fmn9xaehf.jpg
МАРМЕЛАД ИСТ.ПОБЕД ТАНКИ ЖЕВ+ИГР.10Г,,,6.89,4.79,/upload/iblock/eca/2265ac13eb8zni1xelcpdcdo373lao31.jpg
КРЕМ Д/ДЕПИЛ.ВИТ МИНИМА Д/СУХ.КОЖИ 100МЛ,КРЕМ Д/ДЕПИЛ.ВИТ МИНИМА Д/ЧУВ.КОЖИ 100МЛ,,18.19,10.89,/upload/iblock/d91/1k6whivkmqyij13g0qxgd2bdt00jozmu.jpg
КРЕМ Д/ДЕПИЛ.ВИТ МИНИМА Д/ЧУВ.КОЖИ 200МЛ,,,26.19,15.69,/upload/iblock/154/eve2a0vf9ddmgk8bxrf1n368a1c7bws2.jpg
Зубная щетка President жесткая,Зубная щетка President средней жесткости,,12.79,6.99,/upload/iblock/f0a/9efd2ks6smywd685cdf5ne6f8sy2bz6j.jpg
НАПИТОК ОВС.НЕМОЛОКО КЛАССИЧ.ЛАЙТ 250МЛ,,,2.65,1.99,/upload/iblock/431/r5cgjc8fr27lrmgepbvqpotxyv99q1jk.jpg
ВАФЛИ СЛАДОНЕЖ С ХАЛВОЙ 170Г,,,1.39,1.19,/upload/iblock/d4f/fery6ixx463ljyu0g8go1o6yt4rfierz.jpg
"Набор кистей АРТ СПЭЙС ПОНИ №2, 3, 5 3 шт",,,7.99,5.99,/upload/iblock/c5f/1w62jc506bceswoom91jx51911sjmnf7.jpg
АКВАРЕЛЬ ЕНОТ В КРАСН.МОРЕ 12ЦВ.АП_10705,,,5.69,4.45,/upload/iblock/ea7/yvek7l2kwkj9db7b74g2u349bnu9yqbw.jpg
ЛЕНТА КОРРЕКТИРУЮЩАЯ 5ММ*3М CQ 23010,,,3.99,2.79,/upload/iblock/a42/51tow359xx4c7bn5anu1sgcuqyz93zkq.jpg
АЛЬБОМ Д/РИС.А4 16Л ПИТОМЦЫ 35982,,,3.99,2.85,/upload/iblock/a5f/rotv4hc9m7rwmphp9qorc2yisf2djv5t.jpg
КАРАНДАШИ ЦВЕТ.12ЦВ.МИЛЫЕ ЗВЕРУШКИ 41020,,,7.99,5.89,/upload/iblock/fb7/qlhvjuseu0cn14oqlljk3uaxg3o9fqdq.jpg
НАБОР КАРАНДАШЕЙ Ч/ГР 3ШТ BP 41044,,,2.99,2.19,/upload/iblock/79b/h8nc2pgltiii60zymuhqvkobxsq3u1nu.jpg
АЛЬБОМ Д/РИСОВ.СКОБ.16Л.РИСУЕМ ЛЕТО 7356,,,3.49,1.89,/upload/iblock/f44/ecqa6ukrcswbvckzm4j6566hil5dhjyl.jpg
ПАСТА ЗУБН.ДЕТ.МАЛЕНЬК.ФЕЯ КЛ.МЕЧТА 60МЛ,,,3.90,3.29,/upload/iblock/646/g7thfnrmn06mjnagqj27i8ul03vhslfx.jpg
ВЕЕР Д/МАНГАЛА,,,2.99,0.99,/upload/iblock/07b/o92u14rwxkkrko8931eij7gjpinxfnxa.jpg
"МАСЛО подсолнечное жаркофф 0,8 л  0.8Л",,,4.15,3.69,/upload/iblock/9ac/ljny7mgwqx50bqq5fisa1emagsv2idys.jpg
ЛАПША Б/ПР АЛЬКОНИ ВК.ТУШЕН.ГОВЯД.120Г,Лапша Алькони вкус Острой Говядины 120г,,3.39,1.99,/upload/iblock/6fd/fyrs5a5gyz7a4h59mj9e6vnqzifi07nw.jpg
СОК САВИЛЛЕ ГРАНАТ.ПРЯМ.ОТЖ.СТ/Б.0.65Л,,,9.25,6.99,/upload/iblock/3bf/ppfv1sup7ui371soi5jaq4x4vh2wijpe.jpg
ЧАЙ ХЭЙЛИС ЭРЛ ГРЕЙ 100Г,,,9.90,5.99,/upload/iblock/c2d/o4qmhku528mgntlued8cymes0i9e3y60.jpg
ЧАЙ РИСТОН ЗЕЛЕНЫЙ ПАК.25*2Г,,,5.95,4.59,/upload/iblock/ea4/dq807qwn98ia6mhmq8yo6ndxq39davwi.jpg
ЧАЙ БАЗИЛУР ВОЛШЕБНЫЕ НОЧИ ЧЕРН.100Г,,,19.89,10.99,/upload/iblock/03f/qhze73c2l4bc6gpoui40ghmerghbi50u.jpg
Мука пшеничная СТОЛИЧНАЯ МЕЛЬНИЦА м 54-28 2 кг,,,3.08,2.79,/upload/iblock/eac/mmr5l6hcin0rzmlsq13xykvcuckle6um.jpg
П/Ф МУЧН.СТ.МЕЛЬНИЦА БЛИНЫ Д/МАЧАН.500Г,,,1.65,1.19,/upload/iblock/f65/s5lpgxd9p6kgm2njw71bnnigt7a91ml6.jpg
ЛАМПА НАКАЛИВАНИЯ Б230-25-5 E27/015625,,,1.99,1.49,/upload/iblock/77d/qf8ssp01bczewuxlfe4o1mxzh1250yns.jpg
СЫРОК ГЛ.НА ВЕН.ВАФЛЕ ТРЮФ.23% 65Г,,,1.29,1.19,/upload/iblock/021/ht5thsj5sdot2ddb2w715kz2d0elig56.jpg
НАПИТОК Н/ГАЗ.ВИТАМИКС ЧЕРЕШНЯ 1Л,,,2.65,1.99,/upload/iblock/962/x9upa9dlev2t7n2snmja78ft3o89d4lz.jpg
ВОДА ПИТ.ДАРИДА ЮР ВОТЕР Н/ГАЗ.0.33Л,,,1.25,0.85,/upload/iblock/4ea/ssq8dyr6e3ll6fqgvc1uzwganrwteun0.jpg
ПАЛОЧКИ КУК.ХРУМСТИК ГЛАЗ.120Г,ПАЛОЧКИ КУК.ХРУМСТИК СГУЩ.МОЛ.ГЛАЗ.120Г,,1.99,1.55,/upload/iblock/c68/hp3urny2tylq2tc47vtt62mob963323a.jpg
СУП ЛИДКОН ГОРОХОВЫЙ СО ВК.КОПЧ.200Г,,,2.29,1.59,/upload/iblock/fb9/hp0kbh4a4eo0upe8lzbewmoypli7bkm4.jpg
ХЛОПЬЯ ВИТЬБА КУКУР.ГЛАЗ.ШОК.330Г,,,4.55,3.49,/upload/iblock/b9d/r1tgmqtjywgohjhteoyjnf8nykreddhe.jpg
ПОДУШЕЧКИ С МОЛОЧНО-ШОК.НАЧ.250Г,,,3.25,2.49,/upload/iblock/b74/jw7opw7938znsqe72m5yaqeuck9550wu.jpg
Пирожное бисквитное SNOW MAX 30 г,ПИРОЖНОЕ БИСКВ.СНОУ МАКС КЛУБНИКА 30Г,,0.99,0.55,/upload/iblock/e80/4j0pza6bgkgqcyk9grgq8e0751pfurhe.jpg
ПОРОШОК СТИР.ДЕТСКИЙ М АВТОМАТ 3КГ,,,16.60,13.99,/upload/iblock/284/l6rmptcptje10gx3m9tp1jf5w5ey7jau.jpg
СР-ВО Д/СТИР.ДИВА Д/ЦВЕТНОГО БЕЛЬЯ 400Г,,,1.93,1.69,/upload/iblock/12c/8zdyhysz8v0ouvlzpdg1jr7ki4r2fxw8.jpg
"Гель для душа, шампунь ВИТЭКС  500 мл",,,5.29,4.29,/upload/iblock/812/j8xrtvzyiz6f1s6ort9em45xmb5bhxu8.jpg
ШАМПУНЬ ВИТЭКС ЕЖЕДН.УХОД МУЖ.400МЛ,,,5.79,4.95,/upload/iblock/bb0/b2gfrgr3rgiy0zvf4l1t58y39lg27vnh.jpg
ЛАК Д/ВОЛОС МАКСИ ОБЪЕМ 500МЛ,,,10.45,8.89,/upload/iblock/284/9mhhtqy6kos26a5ymy14bqjrt84kyn39.jpg
МОРОЖЕНОЕ СОЛЕТТО СЛАДКАЯ МАЛИНА 75Г,,,1.99,1.69,/upload/iblock/955/kodx4u2yy2olz0ta6nn5hvukqlppvg82.jpg
РЫБА СЕЛЬДЬ ФИЛЕ-КУС.СЛ/СОЛ.УКРОП 350Г,,,6.39,5.79,/upload/iblock/495/3qwg21luk8yjszsatb2msfx00aekdwsj.jpg
БЛИНЧИКИ БАБУШКА АНЯ С ВЕТЧИН/СЫРОМ 420Г,,,5.69,4.89,/upload/iblock/768/14y641ksv32kopufpg4jlo3b7ael01lt.jpg
Палочки крабовые ЛОСОСЬ-РОЛЛ СЫР охл. 180 г,,,4.29,3.69,/upload/iblock/fd0/2x2cryxvvijqie39kh820e6hwh6zn2fm.jpg
РЫБА САРДИНА ДАЛЬН.ИВАСИ НЕРАЗД.200Г,,,4.29,3.79,/upload/iblock/916/hq49t870gv4k9da51yxl8t2hbwmqgg9b.jpg
ГОЛЬФЫ ЖЕН.ТЕНШЕН 20 Р.23-25 2П НАТ.,ГОЛЬФЫ ЖЕН.ТЕНШЕН 20 Р.23-25 2П БРОНЗ,ГОЛЬФЫ ЖЕН.ТЕНШЕН 20 Р.23-25 2П НЕРО,4.99,3.99,/upload/iblock/5f3/12c5l22zebwztfqimouxuszrh98hmm6y.jpg
КОЛГОТКИ ЖЕН.ТОП 20ДЕН Р.2 БРОНЗ,КОЛГОТКИ ЖЕН.ТОП 20ДЕН Р.3 БРОНЗ,КОЛГОТКИ ЖЕН.ТОП 20ДЕН Р.4 ЧЕРНЫЙ,6.45,4.99,/upload/iblock/cd8/ueeq3y2ifchqi9125jusy1wuvgyh2c2c.jpg
НОСКИ ЖЕН.15С-46 Р.23 000 БЕЛЫЙ,НОСКИ ЖЕН.15С-46 Р.25 000 БЕЛЫЙ,НОСКИ ЖЕН.15С-46 Р.25 000 ЧЕРНЫЙ,3.89,2.99,/upload/iblock/8fb/hbsotbvjpdpdsezgvumbwtmsg3dv90wu.jpg
КОЛГОТКИ ДЕТ.КОНТЕ АНАБЕЛ Р104-110 БЬЯН.,КОЛГОТКИ ДЕТ.КОНТЕ АНАБЕЛ Р104-110 НАТУР,,6.74,5.89,/upload/iblock/26a/sqlt6cpoymx1tibckxlut9glud5ja05f.jpg
КОЛГОТКИ ДЕТ.КОНТЕ АНАБЕЛ Р128-134 БЬЯН.,,,7.32,6.39,/upload/iblock/3ff/w3p0uxp303deuxx04pavwzk80oa3gt2z.jpg
НОСКИ ЖЕН.18С-227 Р.23-25 150СВ.ДЖ.,НОСКИ ЖЕН.18С-227 Р.23-25 154 ПЕП.РОЗ.,НОСКИ ЖЕН.18С-227СП Р.23-25 173 ГОЛ,4.45,3.49,/upload/iblock/65c/0nrlyji7o67shzfo2350glqz29lutst3.jpg
НОСКИ МУЖ.ЕСЛИ 19С-145СПЕ Р.27 СЕРЫЙ,НОСКИ МУЖ.ЕСЛИ 19С-145СПЕ Р.27 Т.СИНИЙ,НОСКИ МУЖ.ЕСЛИ 19С-145СПЕ Р.25 ЧЕРНЫЙ,3.05,2.39,/upload/iblock/8cd/dl9zce6cvjntkb15kd3zb0nls2hrc6jr.jpg
ДНЕВНИК УЧЕНИКА V-XI РБ,"ДНЕВНИК в плотном переплете ученика начальных классов, 5-11 классов",,4.99,2.99,/upload/iblock/0e8/xxhm6fw7ke50m86epc00eb3ju0u7ece8.jpg
Йогурт Савушкин 2% Лесные Ягоды 120г,Йогурт &quot;Савушкин&quot; персик-манго 120г,Йогурт Савушкин 2% Ананас-Маракуйя 120г,0.79,0.69,/upload/iblock/e8f/y04y5v6s8ehyamkbfk3q0i9v5rm846l2.jpg
Сыр плавленый копченый ЛАСКОВОЕ ЛЕТО МИНЧАНКА 40% 300 г,,,4.29,3.59,/upload/iblock/0dd/go0vudteaf8hnyrn01q9nmoeq6l8dzhp.jpg
Сыр мягкий МОЦАРЕЛЛА  45% 10 шар 100/250 г,,,2.79,2.49,/upload/iblock/5ee/847ikwq4vaubmw889p0o8whn6m6gdccf.jpg
"Сыр рассольный Sveza фета нежная , брынза 45% 250 г",,,4.05,3.19,/upload/iblock/7a5/dsic30j2gl26k6rbtvbrr3py4k48crvz.jpg
СЫР МЯГК.БРЫНЗА НЕЖНАЯ СВЕЖА 45% 250Г,,,4.05,3.49,/upload/iblock/dc8/of2b8fmmfztfj7197jtmmq4s60lx4cat.jpg
СЫР МЯГК.МОЦАРЕЛЛА МИДИ СВЕЖА 45%  150Г,,,3.95,3.59,/upload/iblock/077/85zk98qbvc9iurogmjwl73bjcsfox07d.jpg
КОНФИТЮР ПЕРСИКОВЫЙ 350Г,,,4.15,3.65,/upload/iblock/63b/vu58zc3l5yum17m7qvwlahx4p6f2c7ah.jpg
КОНФИТЮР ЛЕСНАЯ ЯГОДА СТЕР.ТВ/Б 350Г,,,3.85,3.35,/upload/iblock/493/6t64jyfjs81kyfemk6wm0alvkgt4083v.jpg
"Квас ЛИДСКИЙ xлебный 1,5 л",,,2.79,2.39,/upload/iblock/1c5/btuu949bxl78l247vf1hilqjr4xea5q3.jpg
НАПИТОК ЭНЕРГ.БУСТАП ЦИТРУС/БАОБАБ 0.33Л,НАПИТОК ЭНЕРГ.БУСТАП КАЛАМАН/ЛАЙМ 0.33Л,,2.25,1.59,/upload/iblock/abf/j2b09ywdmut1sgonx38gipqtdnkdiq1h.jpg
ТАМПОНЫ МЭГГИ НОРМАЛ 8ШТ,ТАМПОНЫ МЭГГИ СУПЕР 8ШТ,,3.49,2.59,/upload/iblock/83c/smfdzbt2bgnhhi01y5vz89p5xe27bfpz.jpg
ТАМПОНЫ МЭГГИ СУПЕР ПЛЮС 8ШТ,,,4.49,3.19,/upload/iblock/c98/9ah7zl5dbpc22k7h9ojnngqodriowsj4.jpg
КРЕМ Д/ГЛАЗ МАССТИЖ АНТИ-ЭЙДЖ 15МЛ,,,11.35,7.95,/upload/iblock/a13/bkiwap3ff8yehtb7b73eosio8bl1170l.jpg
КРЕМ Д/ЛИЦА МАССТИЖ АНТИ-ЭЙДЖ НОЧ.50МЛ,,,11.39,7.99,/upload/iblock/04a/483ie79a1xqkwpzl90sqn6gxmuwr0wbe.jpg
СЫВОРОТКА Д/ЛИЦА МАСТИЖ АНТИ-ЭЙДЖ 30МЛ,,,13.49,9.45,/upload/iblock/b1c/u9pfa85o3d9iburkxi00nx0y2q7k3as6.jpg
Консервы мясные ОМКК каша гречневая с говядиной 325 г,,,3.45,2.59,/upload/iblock/04c/3xdoioayr6728gwhqh1l826g6swypfrn.jpg
КВАС БЕЛОРУССКИЙ ТЕМНЫЙ 1.5Л,,,2.75,1.99,/upload/iblock/ce4/pvhspfttwdms21kbr7hk2ob5zujgannd.jpg
ШОКОЛАД БЕЛОВЕЖСКАЯ ПУЩА 100Г,,,2.85,2.29,/upload/iblock/ca3/39p4lnrj76cghx150o0lasweqw4o9nob.jpg
ШОКОЛАД КОММУНАРКА С ШОКОЛАД.НАЧ.200Г,,,5.45,4.29,/upload/iblock/f8d/3cs4vza5sot5vzatpgimpi7g0kilwd1k.jpg
ЗЕФИР ПЕРВЫЙ БОБРУЙСКИЙ БЕЛО-РОЗ.250Г,,,3.05,2.49,/upload/iblock/7e7/4pv8hber1luc33ntaezea4cbtwm81yw3.jpg
ЗЕФИР ПЕРВЫЙ БОБРУЙСКИЙ ВИШН.В ШОК.230Г,,,5.25,3.39,/upload/iblock/f67/kjrv1rf06an55ebtpi3ncwuhko61j6v3.jpg
ЩАВЕЛЬ ПО-ЛЯХОВИЧСКИ КОНС.СТ/Б 0.5Л,,,2.99,2.29,/upload/iblock/bd2/nrcs0vplzid1rur2tbhpuwhsdy65ppdj.jpg
МЕШОК Д/ДЕЛИК.СТИРКИ WB-4050,,,5.09,2.99,/upload/iblock/38d/3q1bx3jmolw1frfxg2vhzhzaure22dux.jpg
Щетка для мытья окон Оно-555,,,13.25,9.99,/upload/iblock/fc0/k85rvo61t7xbtbt2c11q85arbha11b8r.jpg
Мед Умный Выбор Натуральный Разнотравья 200г,,,3.45,2.69,/upload/iblock/85b/zzaiqsvls2itbdulzc18f0m0z9u5d0vq.jpg
СУШКИ ДЮЙМОВОЧКА С АР.ВАНИЛИ 250Г,,,1.89,1.39,/upload/iblock/636/kld1kg7vsdpm5bie117u3r6tjva0yode.jpg
МОРОЖЕНОЕ БЕЛЫ ПОЛЮС КЛАССИЧЕСКИЙ 70Г,МОРОЖЕНОЕ БЕЛЫ ПОЛЮС КЛАС.ШОК.70Г,,1.89,1.49,/upload/iblock/ebd/hlvl48izrw3m8tjzv29mbly20xgevm5z.jpg
ФУНДУК БЕЛЫЙ ПЕЛИКАН ЯДРА 100Г,,,6.63,5.29,/upload/iblock/2ae/6kg03sr0gat3ayzitgareccz8q8k020w.jpg
ОРЕХ КЕШЬЮ БЕЛ.ПЕЛИКАН ОБЖ.50Г,,,5.65,3.79,/upload/iblock/2c5/tjipex1o9wp8t6cn7b185xizk1wiz6pb.jpg
ПЕЛЬМЕНИ МЯСН.ПОДУШ.С ГРИБАМИ МОР.430Г,,,4.29,3.69,/upload/iblock/687/qmobaf45ely4v8d141wj39u2duwqvtdy.jpg
ПАШТЕТ ДЕРЕВЕНСКИЙ С ПЕЧЕНЬЮ 250Г,,,1.39,1.09,/upload/iblock/bc6/a4nddv5ta7015ry4x3b0iwb7rbyf7424.jpg
ХЛЕБЦЫ ПОЛОЦКИЕ РЖАНО/ПШЕН/С ОТРУБ.80Г,,,1.19,0.75,/upload/iblock/9e1/sqno1w6nga7z31mrht5zm2ehr0t3usga.jpg
ХЛЕБЦЫ ПОЛОЦКИЕ СЫР 80Г,,,1.35,0.85,/upload/iblock/263/42d9i9b2rayruwq9i835y1q0bycitvfe.jpg
КРЕМ П/БР МЕН АСПЕКТ ВОССТ.75Г,,,4.75,3.29,/upload/iblock/9fe/hfq7tyop7r3uurhx1oxe1fzxwddoa461.jpg
СТАНКИ БРИТ.МЭН АСПЕКТ ОДНОРАЗОВЫЕ 5ШТ,,,4.59,3.29,/upload/iblock/123/cmd2iok908rpoxedr0hckg41ms1jnrb9.jpg
ПАСТА ЗУБН.Д.ДЕНТ ТОТАЛ ПРОТЕКШЕН 170Г,,,2.51,2.19,/upload/iblock/c6b/a1xn83oleyd4j3p3oadoraqqlvu1hgfz.jpg
МАСКА Д/ЛИЦА ВЕТКА САКУРЫ ВЕЧНАЯ МОЛОД.,МАСКА Д/ЛИЦА ВЕТКА САКУРЫ ФОРМ.БЕЗУПР.,,4.39,2.99,/upload/iblock/cec/mglf32indmhbfz0zum10wkood6sdunx1.jpg
КРЕМ Д/БРИТ.АСПЕКТ МЭН Д/ЧУВС.КОЖИ 85МЛ,,,5.09,3.55,/upload/iblock/df8/7y7wvnr3iw4nrx3rbsfnow7ty5ju7qli.jpg
ЖЕЛЕ ПАСТЕР.АПЕЛЬСИН 150Г,ЖЕЛЕ ПАСТЕР.КИВИ 150Г,ЖЕЛЕ ПАСТЕР.КЛУБНИКА 150Г,1.25,0.99,/upload/iblock/8ad/fgcth61fvf2r46fqn1fu0omv5n8c2k1v.jpg
КРЕМ ТВОР.ПУДИНГ ШОКОЛАДНЫЙ 200Г,КРЕМ ТВОР.ПУДИНГ КЛАССИЧЕСКИЙ 200Г,,2.59,2.19,/upload/iblock/8c2/seh95cxe7uqm4m9udi2loy0yi2l4lhia.jpg
СЫР ЭДАМ ЛЮКС 45% МИЛКАВИТА 180Г,Сыр полутвёрдый Гауда Lux Milkavita,СЫР голландский новый 45% МИЛКАВИТА 180 Г,3.83,3.29,/upload/iblock/e26/vfrpx5bkwtvoqelmcxh0a8drqh2uoozh.jpg
КЛЕТЧАТКА ПШЕНИЧНАЯ С БРУСНИКОЙ 150Г,,,2.65,1.89,/upload/iblock/d55/9k4fet6ozg8m5ccpiefhwpduj73g41ar.jpg
УКСУС СПИРТ.ДЛЯ ШАШЛЫКА 9% 0.5Л,,,2.05,1.69,/upload/iblock/f13/xmvoa1k8q68k8lp7k73vqfdkmpxkib8q.jpg
КОЛБАСКИ САЛЯМИНИ ОСТРЫЕ М/ПТ С/В 60Г,,,3.65,2.99,/upload/iblock/0b8/xhqln3l31yhsqelb916we4eow47l5oj2.jpg
КОНС.МЯСН.ПАШТЕТ ИНДЮШ.ПЕЧЕНОЧНЫЙ 130Г,,,2.15,1.69,/upload/iblock/080/x0du03scfjdhv9fffpvxme2bk0wdhnu1.jpg
ВАФЛИ ЗНАК ВКУСА МОЛ.НАЧ.КОКОС 125Г,,,4.25,2.99,/upload/iblock/fb1/9rglxcmgxd3b324i8wsw173onnl1qi7a.jpg
ВАФЛИ ЗНАК ВКУСА С НЕЖНОЙ НАЧИНКОЙ 100Г,,,2.95,2.79,/upload/iblock/57e/mapvu4a3utlus1tjhaprr9gxfum1digq.jpg
ЩЕТКА УТЮЖОК Д/ЧИСТ.ОДЕЖДЫ,,,2.99,2.49,/upload/iblock/660/gprn54uhxv2hk2mff09bhdflpxx1c1v5.jpg
ВАФЛИ МЯГК.УМНЫЙ ВЫБОР СО СГУЩЕНКОЙ 100Г,ВАФЛИ МЯГК.УМНЫЙ ВЫБОР С КЛУБНИКОЙ 100Г,,1.79,1.59,/upload/iblock/0f1/pny5zf0akrmzapbha4ykx4wmbyjk4292.jpg
ФАСОЛЬ СУСЕДСКИЙ МАЕНТАК С ОВОЩАМИ 480Г,,,3.95,3.19,/upload/iblock/354/wxiyxir5iqtwux7x7ny7sr10xw3r6nvr.jpg
СР-ВО 911 Д/УСТРАН.ЗАСОРОВ АКТ.ГРАН.250Г,,,5.75,3.99,/upload/iblock/576/hlwuk67qbkldrtal2cejz6h3po5rgow2.jpg
СР-ВО УНИВЕР.ОТБЕЛ.БЕЛИЗНА-БЛЕСК 1Л,,,3.19,2.29,/upload/iblock/d61/tv5iqvuo51j4lxs8k5sc6ltoepodcwy4.jpg
Карамель леденцовая Радужный диск 30г,,,1.25,0.99,/upload/iblock/fab/l2z9i9du6q4n02z7ios9wldcfe77kpwu.jpg
ИГР.МЯЧ-ПРЫГУН 10-3,,,5.15,3.49,/upload/iblock/b95/mqlhrb7u6qmx2222zis79hdl8ezbten5.jpg
КОНФЕТЫ ХОБА ФРУКТОВЫЕ ЯБЛОКО/ГРУША 30Г,,,2.19,1.35,/upload/iblock/bc4/ulfcojd9i4xuo252wpomirunmjdw08fp.jpg
НАБОР Д/ДЕТ.ТВОРЧ.ТЕСТО-ПЛ.4ЦВ ТА1011V,,,0.99,0.69,/upload/iblock/b12/c37nl22sri0y2nlfkt6ptp19zbluaumh.jpg
МЕЛКИ Д/РИСОВАНИЯ MLB06LL,,,4.95,2.99,/upload/iblock/1d8/e7uv4lqq793jj3cq636dyia7fr8hwmux.jpg
МЕЛКИ Д/РИСОВАНИЯ MLM08,,,4.99,2.49,/upload/iblock/df8/vh47jsdkb5b88cli18reouwg4r44as7w.jpg
НАБОР КРАСКА ХОЛИ TA1415,,,4.29,2.99,/upload/iblock/1c5/rwyrix3nf01exty4govptvx01on6e2x5.jpg
ПИЦЦА СМАЧНИЦА ВЕТЧИНА/ГРИБЫ 300Г,,,4.79,3.99,/upload/iblock/115/qtspwrgmx02v2piw2lgi23fwoi7zzhl4.jpg
УДЛИНИТЕЛЬ 3М 2-ХМЕСТ.Б/З/К ШВВП У6-032,,,24.99,16.99,/upload/iblock/016/qiu9d8m5j4jvry4ynr79jwscwh8qloqy.jpg
УДЛИНИТЕЛЬ 3М 2-ХМЕСТ.С З/К ПВС У10-042,,,34.99,24.99,/upload/iblock/46b/ycqjfmcigh58a6tb085uzbrb0yj1osup.jpg
ГОЛУБИКА ФАС.500Г,,,9.99,7.99,/upload/iblock/483/mmj6e25xl2qometac33b859bitslygid.jpg
ОГУРЦЫ МАРИН.СУСЕДСКИ МАЕНТАК 670МЛ,,,4.79,4.19,/upload/iblock/830/3vkzjrfke7cwrlanqs2m6yw022wnafso.jpg
ВОДА МИН.ДЖЕРМУК 1Л,,,4.19,3.29,/upload/iblock/156/n179secp2qhftxoesu5544faaq5gpzpl.jpg
Бумага для офиса КСЕРОКС ПЕРФОР А4 м2/80 500 л,,,22.99,16.99,/upload/iblock/6d7/77e2j1f8l0stazos3ss9zpywcyr7ld2k.jpg
ПЕРЧАТКИ Х/Б С ПВХ ТОЧКА 13КЛ.ST7193,,,1.65,0.99,/upload/iblock/161/pde4ungmsk4dmwsts8wnzx0geupo22v8.jpg
"НАПИТОК газированный фанта, спрайт 1 л",НАПИТОК ГАЗ.ФАНТА АПЕЛЬСИН 1Л,,2.65,2.29,/upload/iblock/100/u9jechp95u2w614gl61ur4obo9img801.jpg
НАПИТОК ГАЗ.СПРАЙТ 1Л,,,2.65,2.29,/upload/iblock/d49/eesmon91jisnx9ion98rb9p02w0jhea8.jpg
Детский солнцезащитный крем-лосьон Ziaja SPF 50+,,,22.89,14.89,/upload/iblock/8a4/kqv29wyqo8036xvg25f4tf4938f3jye7.jpg
СПРЕЙ-МАСЛО Д/ЗАГАРА ЗИАЙА SPF6 125МЛ,,,13.49,8.79,/upload/iblock/b8d/9ihhr79j1k749uyer063mr6jqw0uhvde.jpg
ШАМПУНЬ Д/ВОЛ.ЗИАЙА КОЗЬЕ МОЛОКО 400МЛ,,,9.85,5.29,/upload/iblock/1ff/as5j17vfb9ce2ft6m6fbbt2bc3h050x1.jpg
"Солнцезащитный лосьон для тела Ziaja, SPF50+",,,30.89,19.99,/upload/iblock/c80/grxh1aufgha5683i8yv0a0rku1wta8k9.jpg
КОНДИЦИОНЕР Д/ВОЛ.ЗИАЙА ДВУХФАЗНЫЙ 125МЛ,,,15.09,8.99,/upload/iblock/e7a/1gpqayslag34nbikfexaey154l1reelr.jpg
ТАРЕЛКА ОБЕД.СТЕКЛЯН.250ММ ДАЙМОНД,,,4.69,2.99,/upload/iblock/317/8mbclrh8561hq4ymxany57ubrsfvzl1a.jpg
Салатник стеклянный  кругляй 170 мм Diamond (Даймонд) HORITAZEN,,,5.99,3.69,/upload/iblock/4fa/1g65h2xky99ph2ggt7esczoyz7uv7x5a.jpg
ЛИНЕЙКА  прозрачная пласт. 15 см,,,1.99,0.59,/upload/iblock/85f/h7asmmg63sy2lnuj8wmr5c9dn5odeqgh.jpg
ВЕЛОСИПЕД ФАВОРИТ БАЙКЕР BIK-14GN,,,340.99,224.99,/upload/iblock/638/7or89hhz1quzrm62jt2q6g03lbz5nvx5.jpg
ВЕЛОСИПЕД ФАВОРИТ ЯГУАР JAG-18BK,,,390.99,259.99,/upload/iblock/0d5/foth7z2x5y3rj7701i67cx0lxj3xwp1h.jpg
ВЕЛОСИПЕД ФАВОРИТ БАБОЧКИ BUT-16BL,,,400.09,299.99,/upload/iblock/59e/84r364n3t5jzs1yw7xnfgiclwyhmhuv4.jpg
КОНЬКИ РОЛИКОВЫЕ ЧЕРН/ЗЕЛ.8101-M-GN,КОНЬКИ РОЛИКОВЫЕ ФИОЛЕТОВЫЙ 8101-S-PR,КОНЬКИ РОЛИКОВЫЕ БЕЛ/ФИОЛ.8101-L-BL,100.05,79.99,/upload/iblock/3cd/ooijavw3jy2byv1rtf2wfjvccb2sgq1q.jpg
ПАСТА ЗУБН.КОЛГЕЙТ ПРОФ.ГЕЛЬ 75МЛ,ПАСТА ЗУБН.КОЛГЕЙТ ТОТАЛ ПР.ЗД.ДЕСН.75МЛ,ПАСТА ЗУБН.КОЛГЕЙТ ТОТАЛ 12 ГЛ.ОЧИЩ.75МЛ,13.37,10.29,/upload/iblock/d4b/qkcyp0q26zc82q596qhklwy5j79nsxb7.jpg
ДОСКА Д/РИСОВАНИЯ B1088515,,,19.99,13.99,/upload/iblock/6fc/i22eqlvpk43sg16f4mc81eb7qhnjwibh.jpg
ИГР.АНТИСТРЕСС B1440295,,,5.99,4.49,/upload/iblock/2c7/xqg410byclb0e9gu2escoeslw06uoe7d.jpg
ИГР.ТРАКТОР С ПРИЦЕПОМ B1447251,,,29.99,19.99,/upload/iblock/c35/pzmuqfhqpc3w262nlj6elsn90xeyayua.jpg
ЭЛЕМЕНТ ПИТАНИЯ ДЮРЕДЭЙ AA 1.5В 4ШТ,,,6.09,3.49,/upload/iblock/bb9/neeku5667xmiez807oy28ngq9q34o5c6.jpg
ИГР.МАШИНА-ПЕРЕВЕРТЫШ BT879577,,,13.99,8.99,/upload/iblock/8fe/709hsobxnn0j26fmklw8toubpiq5a9uj.jpg
ИГР.НАБОР ЖИВОТНЫХ HY01-3,,,14.99,10.99,/upload/iblock/2fb/rt0zaeggwui9mdhtt5r3ry0kocmkuamv.jpg
НАБОР МАТЕРИАЛ СЧЕТНЫЙ 1902-39A,,,14.99,11.69,/upload/iblock/e79/9epkuk40p0a71qqrrplls4byj96m3exe.jpg
ИГР.ФИГУРКА БАЗ ЛАЙТЕРА 898-7,,,5.99,4.49,/upload/iblock/7ca/mft5nolflxrphzdk241h2uwy2bt0w8qg.jpg
НАБОР РУЧЕК ШАР.АРРОВ 3ШТ СИНИЙ,,,3.99,1.29,/upload/iblock/22a/iazo8r71qyw1kkadkh0aq32oer0fegz2.jpg
ЛОПАТКА СИЛ.ПЕРФЕКТО ЛИНЕА ЗЕЛЕНАЯ,,,5.99,3.69,/upload/iblock/e01/fjsyo4r61oi1ti1bja2ttu95ynx3d57e.jpg
НОЖ КУХ.КЕР.Д/ЧИСТ.ОВОЩ.ХЕНДИ 21-044000,,,5.99,3.99,/upload/iblock/9b6/modp8i5jumo3rbp82cbfenj41nn0kj7r.jpg
НАБ.ЩЕТКА+СОВОК С РЕЗИН.СОЛИД КРАСНЫЙ,,,4.99,3.99,/upload/iblock/745/e8g56dkdn5frar9q7exmxgthygpw4a6y.jpg
САЛФЕТКА ИЗ МИКРОФИБРЫ ЛИТЛ ДЖОЙ ЖЕЛТ.,САЛФЕТКА ИЗ МИКРОФИБРЫ ЛИТЛ ДЖОЙ КРАСН.,,7.39,3.99,/upload/iblock/0db/v5hmywt1pkdgtrqdxt0offmq8ky7mhof.jpg
КОРМ Д/КОШ.ФЕЛИКС ДВ.ВКУСН.С МЯСОМ 200Г,КОРМ Д/КОШ.ФЕЛИКС ДВ.ВКУСН.С ПТИЦЕЙ 200Г,,3.75,2.69,/upload/iblock/aaa/m9n1ho0y2zki001avj2lbntuo4rln9s5.jpg
БРАСЛЕТ ОТ КОМАРОВ ЛИТЛ ДЖОЙ ГОЛУБОЙ,БРАСЛЕТ ОТ КОМАРОВ ЛИТЛ ДЖОЙ РОЗОВЫЙ,БРАСЛЕТ ОТ КОМАРОВ ЛИТЛ ДЖОЙ ЧЕРНЫЙ,7.99,4.99,/upload/iblock/6f4/7reprkfr8bp9pbtiz3zmialx77mqhxac.jpg
АРОМАТИЗАТОР ЛИТЛ ДЖОЙ МЕМБР.БЛЭК ВЕЛЬВ.,АРОМАТИЗАТОР ВОЗД ЛИТЛ ДЖОЙ НЬЮ КАР,АРОМАТИЗАТОР ВОЗД.ЛИТЛ ДЖОЙ НЬЮ ЧЕРРИ,14.59,6.99,/upload/iblock/377/04tgvxr5azr0s4xoywjs4s75gn13njjf.jpg
СОЛЬ Д/ПОС.МАШИН ФИНИШ 1.5КГ,,,12.99,11.69,/upload/iblock/2b3/7xvpoetwsz5sqgop258vu00kqk93gfht.jpg
ШАМПУНЬ ДОКСАЛАЙФ БЛЭК ФО МЕН 600МЛ,Шампунь ДОКСАЛАЙФ 600 мл,,7.69,4.99,/upload/iblock/9b9/noa92bom1ket97veup0wh9h09mfpatbv.jpg
Мыло жидк.д/рук ПРОДОХА 500 мл,МЫЛО ЖИДК.Д/РУК ПРОДОХА ЛАВАНДА 500МЛ,МЫЛО ЖИДК.Д/РУК ПРОДОХА ОЛИВА 500МЛ,4.99,2.99,/upload/iblock/0d3/k5ano6fmgh9y308sv2my9ctl5u999l4k.jpg
МЫЛО ЖИДК.Д/РУК ПРОДОХА РОЗА 4Л,МЫЛО ЖИДК.Д/РУК ПРОДОХА ЛАВАНДА 4Л,,19.99,15.99,/upload/iblock/9ca/b48c2p5u36ooht50bgybq55xicdp3nu3.jpg
Шампунь д./вол. ПРОДОХА 600 мл,ШАМПУНЬ Д/ВОЛ.ПРОДОХА ЭКС.МЯТЫ 600МЛ,,7.69,4.99,/upload/iblock/275/w1lup45ldokf0avtlcrd380csob1sdf4.jpg
Гель д./душа РЕЛАКС 400 мл,ГЕЛЬ Д/ДУША РЕЛАКС ВИШНЯ/МОЛОКО 400МЛ,ГЕЛЬ Д/ДУША РЕЛАКС МАНГО/МОЛОКО 400МЛ,5.99,3.99,/upload/iblock/2ba/36qyxn7tlhjqejpazjsfq5wj1v90v446.jpg
СТАКАН 470МЛ АЛЛЕГРА 420015 1111570,,,3.59,2.49,/upload/iblock/fb8/3xfzm6f7eblzrp0yw53xwi9kpvd8czve.jpg
ЯЙЦО ШОК.ХЕРОС 25Г,ЯЙЦО ШОК.ЧОКО СТАР 25Г,,1.89,1.49,/upload/iblock/3f5/1sbkgn3v5tvkrnhw6nuuia2l2000tsly.jpg
ЩЕТКА Д/ЧИСТКИ ГРИЛЯ 675065 1ШТ,,,9.99,3.99,/upload/iblock/e1c/b3e21p2qn249r3gctbr4a53oq5tzsnu8.jpg
НАКИДКА ОТ ДОЖДЯ,,,2.99,1.99,/upload/iblock/16d/p35etbjdx3wig1viltst577c4irrqv1o.jpg
ЛАМПА ФИЛИПС СТАН 60W Е27 230V Р45 CL,,,2.99,1.49,/upload/iblock/212/gbjjmioxuhw0x2x43xs3aoip32u1cfmm.jpg
СМЕСЬ КНОРР НА ВТОРОЕ ЦЕЗАРЬ ПО-ДОМ.30Г,,,3.59,2.19,/upload/iblock/9ac/0wn4xl5s877y6r9longj2cntzwi9govq.jpg
МАСКА Д/ЛИЦА ЧИСТАЯ ЛИНИЯ ИД.КОЖ.15X1ШТ,МАСКА Д/ЛИЦА ЧИСТАЯ ЛИНИЯ ПРЕОБР.15ШТ,МАСКА Д/ЛИЦА ЧИСТАЯ ЛИНИЯ УВЛ.15ШТ,5.25,3.95,/upload/iblock/e7b/07vhxb1bl1wra8ex0z8y9zbvrlgq5o4f.jpg
КРЕМ-МЫЛО ДАВ КРАСОТА/УХОД 135Г,КРЕМ-МЫЛО ДАВ ПРИКОСН.СВЕЖЕСТИ 135Г,Крем-мыло ДАВ 135 г,5.99,4.99,/upload/iblock/bf7/9fteva3smp5f4bjgndsn5em050hsam57.jpg
КОВРИК пляжный,,,9.99,5.99,/upload/iblock/237/t4em2bi583iyd2h6pxzptbai36k007tk.jpg
ТАБУРЕТ складной,,,29.99,14.99,/upload/iblock/b26/htijdagk3jvjvkiw7op4ye92e81fwvln.jpg
ЛАМПА СВЕТОД.АСТРА C37 7W E14 3000K,ЛАМПА СВЕТОД.АСТРА C37 7W E14 4000K,ЛАМПА СВЕТОД.АСТРА G45 7W E27 4000K,4.99,3.99,/upload/iblock/97f/6kipdxk2d50y1d4vtozl5c2fea3odebr.jpg
КОНС.РЫБН.ТУНЕЦ РУБЛ.В СОБ.СОКУ Ж/Б 185Г,,,4.69,3.99,/upload/iblock/159/5pxyslhbn9gt2r2q3nebbkjv3aio8bzp.jpg
КОНДИЦ.Д/БЕЛЬЯ ВЕРНЕЛЬ СВЕЖ.БРИЗ 1.82Л,КОНДИЦ.Д/БЕЛЬЯ ВЕРНЕЛЬ ДЕТСКИЙ 1.82Л,КОНДИЦИОНЕР Д/БЕЛ.ВЕРНЕЛ ПИОН/ЧАЙ 1.74Л,16.99,12.99,/upload/iblock/0de/673azpnbbac71yto5yry352ygx58yv64.jpg
СР-ВО Д/СТИРКИ ЛОСК ГОРНОЕ ОЗЕРО 410Г,,,3.62,3.19,/upload/iblock/d25/cpqlnnzv936d8ytya18wg63qngs91kar.jpg
Гель Persil для стирки цветного белья,ГЕЛЬ Д/СТИРКИ ПЕРСИЛ ПАУЭР ЛАВАН.1300МЛ,,29.99,19.99,/upload/iblock/72a/3afv2zky9wn5egvfrreozy572o652cbe.jpg
"Капсулы Persil для стирки цветного белья, 14шт","Капсулы Persil для стирки белого и цветного белья, 14шт",,29.99,18.99,/upload/iblock/257/uqm0qpv482e6h7sa4eeerukaerex7cf3.jpg
Книга Календарь Природы Учись Малыш,Книга Учимся Писать Буквы,ПЕРВАЯ КНИГА ЗНАНИЙ,6.99,4.99,/upload/iblock/8e8/c85a9ply1us01fd4ii2mriyybxmn3dis.jpg
ПРОПИСЬ МАТЕМ.1 КЛ.НАВЫКИ ВЫЧИТ/СЛОЖЕН.,ПРОПИСЬ МАТЕМ.3 КЛ.СЛОЖ/ВЫЧИТ.В ПР.1000,ПРОПИСЬ МАТЕМ.2 КЛ.НАВЫКИ СЧЕТА ОТ 0-100,2.99,2.49,/upload/iblock/473/t3ozw210v67ioz73ze6hwe7tlf1lcv4o.jpg
КНИГА СКАЗКА ЗА СКАЗКОЙ ГАДКИЙ УТЕНОК,КНИГА СКАЗКА ЗА СКАЗКОЙ МАЛЬЧИК С ПАЛЬЧ.,КНИГА СКАЗКА ЗА СКАЗКОЙ КАРЛИК НОС,4.99,3.49,/upload/iblock/e32/213zys4m296saydflepv3m9cvky6v7gj.jpg
КНИГА НОВЕЙШАЯ ЭНЦИКЛОПЕДИЯ ШКОЛЬНИКА,,,49.99,24.99,/upload/iblock/44c/ocsl5wcenoqqt42ugap2ah9gd653qoww.jpg
КНИГА БОЛЬШАЯ ЭНЦИКЛОПЕДИЯ ДОШКОЛЬНИКА,,,44.99,23.99,/upload/iblock/733/ixxtsg5ma7yk4w5smvu5e3ib70n4rmgs.jpg
КАРАНДАШИ 12 цветов .2.7мм 4654,,,5.49,2.99,/upload/iblock/c86/zdzymb77500wsoy5k147y6wdueeoliv6.jpg
ШАМПУНЬ ЭЛЕГАНС ВИТАМИННЫЙ 925Г,ШАМПУНЬ ЭЛЕГАНС ЯИЧНО-РОМАШКОВЫЙ 925Г,,8.19,5.99,/upload/iblock/2bf/molx725tgmxhayz20ryeb31t8aeiaka0.jpg
ОПОЛАСКИВ.Д/РТА 32 ЖЕМЧУЖ.СВЕЖ.ДЫХ.350МЛ,,,7.35,4.99,/upload/iblock/577/gcz4833q5ltgv0vzthn6o47a1k3jmm36.jpg
СИРОП УМНЫЙ ВЫБОР ВИШНЯ 0.75Л,СИРОП УМНЫЙ ВЫБОР МАЛИНА 0.75Л,,7.99,5.99,/upload/iblock/257/gdh3xvorug9kf86rp4lxtv10ihy53kk9.jpg
КОНС.МЯСОРАСТ.КВИНФУД ПЛОВ С ГОВЯД.340Г,,,7.19,5.39,/upload/iblock/6d0/zpcxec7vfynbussunmd20rv3kloe0ez0.jpg
ПРИЩЕПКИ пластмассовые 24 шт,,,7.85,4.99,/upload/iblock/757/af1ii11r3693s31dmt9ptrugousl7bv5.jpg
БИОКАПЛИ Д/СОБ.ЗООЛЕКАРЬ 4 ПИП,,,15.99,11.99,/upload/iblock/9a1/d9ly9em35c8hg4tr095tb24s8wuiohko.jpg
БИООШЕЙНИК ПРОТИВ БЛОХ/КЛЕЩЕЙ ОРАНЖ.35СМ,БИООШЕЙНИК Д/СОБ.ПРОТИВ БЛОХ/КЛ.ЧЕР.65СМ,БИОКАПЛИ НА ХОЛКУ Д/КОТ.ИРБИС ФОРТЭ,6.99,4.99,/upload/iblock/064/4eeaklmwsozflcnumfoqd2czdo8u9xty.jpg
ШАМПУНЬ Д/СОБ.МАСЛО ПАЛЬМАРОЗ/АЛОЭ 350МЛ,,,7.99,5.99,/upload/iblock/c16/0lvx0oxp6fhhfkitj3fckhflsoo7n3jt.jpg
НАБОР ИГР.ДИКИЕ ЖИВОТНЫЕ В27006/6,,,8.85,5.99,/upload/iblock/668/rvife2525md7ft1q0gmvnu2mlraqr5t6.jpg
НАБОР РИСУЕМ ВОДОЙ RIVI,,,20.99,12.99,/upload/iblock/2e0/pfraqkjqa0wc6bpk42sqxmy9wdqjg691.jpg
ИГР.РАЗВИВ.МИКРОФОН МУЗЫКАЛЬН.289,,,13.29,6.99,/upload/iblock/9d8/oz0pw24pljca1v4w3p2a4lew9ojoycq2.jpg
ИГР.НАБ.ВЕСЕЛАЯ УБОРКА 8897АВ,,,14.15,8.99,/upload/iblock/f17/yjs6mcpgwwk3rf6x9j9i3b08deiig4ek.jpg
ИГР.КАССА ЦИФР МАГНИТ.НМ1186В,,,7.35,4.99,/upload/iblock/a16/85fqm42q0pgxkiwehr52g5ydbfuwzah1.jpg
ИГР.ДИНОЗАВР 929-12,,,9.35,4.99,/upload/iblock/d9e/ld3jsq6w5nu3kbig6cb6lhtpe5sk147e.jpg
ИГР.НАБОР ЧАЙНЫЙ СЕРВИЗ HY-680E,,,17.95,11.99,/upload/iblock/cb7/9f28vc6bzjz5fi2y94y8wk2afx2i5gxs.jpg
ИГР.ТРАНСФОРМЕР-ЦИФРА G2022-1,ИГР.ТРАНСФОРМЕР-БУКВА G2039-A,,24.19,14.99,/upload/iblock/127/s4dvmisopicc3si50q19v0je1kvchmbl.jpg
БРАСЛЕТ СВЕТЯЩИЙСЯ GB15,,,7.99,4.99,/upload/iblock/2f6/a177tnufs7j2t5rf8ar2bfzmpd1azgm6.jpg
КОФЕ БАРИСТА МИО СТРОНГ МОЛ.225Г,,,9.65,6.99,/upload/iblock/226/7nkmj8akuy0kcnq2ol7xy6bf1f48zp70.jpg
НАБ.Д/ДЕТ.ТВ.ТЕСТО-ПЛАСТИЛИН 4ЦВ.ТА1008V,НАБ.Д/ДЕТ.ЛЕПКИ ТЕСТО-ПЛАСТИЛИН ТА1021V,,9.65,4.99,/upload/iblock/083/3pfc0h7zxuroonm6m2t7xepf26l7euup.jpg
НАБ.Д/ДЕТ.ТВ.ТЕСТО-ПЛАСТИЛИН 6ЦВ.ТА1009V,,,9.99,5.99,/upload/iblock/014/op8uomu2szlzsrzxwdmig78vt8m46b8f.jpg
НАБОР Д/ДЕТ.ЛЕПКИ ТЕСТО-ПЛАСТИЛИН 8ЦВ,,,12.55,8.99,/upload/iblock/a27/i5ys9o4flyxbb39mz7qtbqud3sqw30ga.jpg
НАБОР ПЕСОЧНЫЙ КЕКСЫ КЕКS4,,,7.49,5.49,/upload/iblock/473/kek203jn6ipn11vry8e5xog472ca5ztg.jpg
НАБОР Д/ЛЕПКИ МИР АКСЕССУАРОВ LEP01,,,17.09,9.99,/upload/iblock/b94/mp4fu6chahvq5udqiz9mcfiffy3qz0hk.jpg
МЕЛКИ Д/РИСОВ.МИКС MLB21_2,,,11.99,6.49,/upload/iblock/e28/z0w5ldintxiq4tzyo876pmhj3d6ltyow.jpg
НАП.ЧАЙН.ОРАНЖ МИНТ ЗЕЛ..ЛИМ.90 ПАК.162Г,,,21.85,10.99,/upload/iblock/65e/262us094u33bhsigqwkkksfwcjw58s30.jpg
ИКРА ГРИБНАЯ ВЕРЕС СТ/Б.500Г,,,7.99,5.59,/upload/iblock/8fc/ju8uc34f7jcj2qxpvvei7cwlkiu2tgql.jpg
ВАРЕНЬЕ АПРИ ИЗ БЕЛОЙ ЧЕРЕШНИ 460Г,,,7.39,5.99,/upload/iblock/96b/btgykqhyej8iml5qago0bq1vthppr2fe.jpg
ЩЕТКА ЗУБН.КОЛГЕЙТ 360,ЩЕТКА ЗУБН.КОЛГЕЙТ 360 С ДРЕВ.УГЛЕМ,,17.35,11.59,/upload/iblock/d4b/2c5tgqwr4lghv1kur8r4hazuftfp8d0z.jpg
ПЯТНОВЫВОДИТЕЛЬ ВАНИШ Д/ТКАНЕЙ 1Л,ПЯТНОВЫВОД.ОТБЕЛ.ВАНИШ Д/ТКАНЕЙ 1Л,,23.35,16.99,/upload/iblock/cd7/3akzu458nsc6cwskv5xuorf32w24wi5q.jpg
МОЛОЧКО Д.МАРКУС Д/ЧИСТКИ ПАНЕЛИ 750МЛ,,,21.45,10.99,/upload/iblock/0a6/2bhht7pan4bbj87mkbfb13yg0m103p8k.jpg
АРОМАТИЗАТОР Д.МАРКУС СУХ.FR.BAG BLACK,,,11.35,5.99,/upload/iblock/68b/ff1b2m6l8rw0srqky0q3l0p2q15hjs6k.jpg
КРЕМ Д/ЛИЦА ЗИАЙА ДНЕВ.ЧУВСТВ.КОЖА 50МЛ,,,18.09,10.85,/upload/iblock/ad3/4v2qzd42muea40ycd67qx8dmnl1cz940.jpg
КРЕМ Д/ЛИЦА ЗИАЙА НОЧН.ЧУВСТВ.КОЖА 50МЛ,,,16.69,9.99,/upload/iblock/ee3/y3oft5nuifyekm027sae0y3prwnnbsqo.jpg
КРЕМ-ГЕЛЬ Д/УМЫВ.ЗИАЙА ЧУВСТВ.КОЖА 0.4Л,,,14.59,8.75,/upload/iblock/9d2/4ghk3d240e5zcknogn18qz6rxiflhwj0.jpg
КРЕМ Д/РУК ЗИАЙА РЕГЕН.МАСЛО КАКАО 80МЛ,,,8.99,5.99,/upload/iblock/3e6/0vsomg4whi73x52zek08xizfrh2anzar.jpg
КРЕМ-МЫЛО Д/ДУША ЗИАЙА МАСЛО КАКАО 500МЛ,,,11.29,6.79,/upload/iblock/bc4/c6fw2jzvr72nxf4ni2niyf0m1w4b2q7o.jpg
МАСКА Д/ВОЛ.ЗИАЙА С КЕР.КОЗ.МОЛОКО 0.2Л,,,9.85,5.29,/upload/iblock/02e/vggymaqxw2xo8a4om0cdhhf0nebzv48y.jpg
ШАМПУНЬ Д/ВОЛ.ЗИАЙА ОЧИСТ/УВЛАЖН.300МЛ,,,12.35,7.39,/upload/iblock/de3/tzbbumv3j1jnavrugkjn78h4jxsxnri3.jpg
ГЕЛЬ-КРЕМ Д/ДУША ПАЛМОЛИВ ИНТЕНС.УВЛ.250,,,11.35,7.89,/upload/iblock/636/0awus3q2jyy7jot9cst2irjyzkersd3t.jpg
СР-ВО МОЮЩ.СИЛЛИТ БЭНГ ОТ НАЛЕТА 750МЛ,,,21.09,14.99,/upload/iblock/e96/aj6v198dd682dmziw3l4oma29r0c1htg.jpg
ИГР.МЯЧ VT19-10533,,,24.99,17.99,/upload/iblock/980/6h26xdtidn4x0ibmtioa512ip73hzvg4.jpg
ПЛАСТИЛИН 12 цв. 4774914,,,6.99,4.39,/upload/iblock/6a8/289o85cpwccrl9dlkj85o7orsx8v2nup.jpg
НАБОР БИТ ВОРТЕКС FBS 11,,,19.99,13.99,/upload/iblock/877/s0fvsz4d0rqs1i1uewu187iyo6db4xzc.jpg
ПАСТА ЗУБН.КОЛГЕЙТ ЧИСТАЯ МЯТА 75МЛ,,,13.37,10.99,/upload/iblock/b1a/0pmy72m5g8dhixwuk9mgehn424t0z9jt.jpg
НАРУКАВНИКИ,,,9.99,5.99,/upload/iblock/e55/bk2nu3zz7pm4p6o2gyx477rane0iz1o6.jpg
БАССЕЙН НАДУВН.РАДУГА 57104NP,,,27.99,17.99,/upload/iblock/b9b/ztdlupmk21uby66ipfoxfkenhjmjq9eo.jpg
ПОДУШКА НАДУВН.Д/ ПУТЕШЕСТВИЙ 68676NP,,,18.09,12.99,/upload/iblock/194/yr85utiyb0y3rt79k720gjpse335zcfn.jpg
КРУГ НАДУВН.БОЛЬШИЕ ЖИВОТНЫЕ 3ЦВ.58221NP,,,21.99,14.99,/upload/iblock/903/qx3xwj74ntwjgpauu19t2unbnw95ns63.jpg
ИГР.Д/ПЛАВАНИЯ ЗВЕРЮШКИ НАДУВНЫЕ,,,14.99,8.99,/upload/iblock/611/i4oglwpzxyxdrkb02zs2sywuheoma3pw.jpg
ЖИЛЕТ Д/ПЛАВАНИЯ ДЭЛЮКС С ВОРОТ.58660EU,,,24.99,19.99,/upload/iblock/24f/nvbp8lo4wsfsm7p6amlk2yukn3dta0ub.jpg
ЖИЛЕТ Д/ПЛАВАНИЯ ДЭЛЮКС С ВОРОТ.58671NP,,,24.99,18.99,/upload/iblock/dbf/rwvbjz3xewsxar57phl4awh1lt8kz3om.jpg
МАТРАС НАДУВНОЙ 183*69СМ,,,19.99,13.99,/upload/iblock/b85/lycw9op0zfwzeiukjgdylclq1f7qssnq.jpg
МАТРАС НАДУВНОЙ,,,44.99,34.99,/upload/iblock/f34/wrzsai7srooje13nrc91uloo801d9t9m.jpg
НАСОС I РУЧН.ВЫСОКОПРОИЗВ.68612,,,14.99,11.99,/upload/iblock/a03/w7sbq763zftayx3l5jc30xm6cuyzhipe.jpg
ПОДУШКА НАДУВН.Д/ ПУТЕШЕСТВИЙ 68675,,,13.05,9.99,/upload/iblock/c8a/2akkuo7k0qragj2hgwitdoxrkj2cez20.jpg
БЛЮДО СЕРВИРОВОЧНОЕ 30Х30СМ СЛАНЕЦ,,,20.99,9.99,/upload/iblock/0bb/cqwpmcxvj2yef24w3udfbmh6b3vbcb4w.jpg
ПОДНОС БАМБУК.НА 2 СЕКЦИИ 20Х10СМ БАМБУ,,,15.99,9.99,/upload/iblock/3ee/v1q9cgqdj2wbsab4yamddeqag10h92hr.jpg
АРОМАТИЗАТОР ВОЗД.ЛИТЛ ДЖОЙ ТОНИК,,,10.75,6.49,/upload/iblock/0b4/1xmbb3z1t7shmct1j0tqdjleyk6j4bvl.jpg
АРОМАТИЗАТОР ЛИТЛ ДЖО CINNAMON,АРОМАТИЗАТОР ЛИТЛ ДЖО GINGER,АРОМАТИЗАТОР ЛИТЛ ДЖО CEDARWOOD,10.99,5.99,/upload/iblock/d10/dez4308slweusg4r9m0lzmbio7q8p5pl.jpg
ОТБЕЛИВАТЕЛЬ АСЕ ГЕЛЬ УЛЬТРА 1Л,,,6.49,4.99,/upload/iblock/fe7/r18gke5t2xq6aue62ptz8ur4d4a08kic.jpg
НОЖ Д/ОВОЩЕЙ 9СМ НАДОБА ХЕЛГА,,,18.99,11.99,/upload/iblock/0d1/w3uknq6ei9qgl7r5i7b02d4yrl1boqez.jpg
НОЖ УНИВЕРСАЛЬНЫЙ 13СМ НАДОБА ХЕЛГА,,,19.99,12.99,/upload/iblock/463/5v9tyveus3svahlf3nc9lpyfzq9cums9.jpg
НОЖ ПОВАРСКОЙ 20СМ НАДОБА ХЕЛГА,,,36.99,19.99,/upload/iblock/329/gfjqxl9gtnk5a07ogcesqo4s4b62f8s9.jpg
ПОЛОВНИК НАДОБА ФЛАВА,ЛОПАТКА КУЛ.УЗКАЯ НАДОБА ФЛАВА,ВЕНЧИК НАДОБА ФЛАВА,16.99,9.99,/upload/iblock/8e9/el3euhdfr7fkhyrswsz3dgxv6hbp9wme.jpg
ТАЗ КРУГЛЫЙ 8Л,,,6.99,4.99,/upload/iblock/75f/ujnmwg7i1nuku77yi0y0tcu43szdbaz4.jpg
КУВШИН 1Л С КРЫШ.ФРИГО БЕЛ.80050 1117767,,,8.99,6.99,/upload/iblock/ce7/zjnxz2r9dnwkttivdunvgz09b4ezuu91.jpg
Свеча ЦИТРОНЕЛЛА в металлическом ведерке,,,13.99,6.99,/upload/iblock/afb/qlxrk5sni0nht6s9q279tk7i36j978kl.jpg
ПЕНА Д/КУПАНИЯ ДРАКОША 380МЛ,,,7.79,6.99,/upload/iblock/731/1d1pgod6zfoubo2bpo0j045wyqbnm47d.jpg
МАСКА Д/ЛИЦА СТО РЕЦЕПТОВ ВИТАМИНИЗ.1ШТ,МАСКА Д/ЛИЦА СТО РЕЦЕПТОВ УВЛАЖН.1ШТ,,5.85,4.39,/upload/iblock/0ac/jq48m7t595c0jl97wn72cqpxh11aykpa.jpg
СУМКА Д/ВЕЛОСИПЕДА ПОД СИДЕНЬЕ XQMAX,СУМКА Д/ВЕЛОСИПЕДА НА РАМУ XQMAX,,12.99,5.99,/upload/iblock/7ba/h60ty14ufyynu39fqvpq49ugf2kmdfxr.jpg
Сумка-холодильник на 16 л,,,29.99,12.99,/upload/iblock/2a0/q171rbqzgn2ysinxeidhtl9scjaj10do.jpg
ДОСКА разделочная,,,8.99,4.99,/upload/iblock/6f5/1l1j9ebseojxztkocgiec58jl9myrauu.jpg
КАСТРЮЛЯ ЭМ.12Л СОЧ.КЛУБНИКА С-1624/4КМ,,,89.99,59.99,/upload/iblock/8ad/yzc09115gk8kxl8n1tadi790ikabwa97.jpg
КОФЕ ЖАРДИН АМЕРИКАНО КРЕМА ЗЕРНО 1000Г,,,43.99,33.49,/upload/iblock/e30/bnr1fej64d028anyb56alm3aspymk3mz.jpg
Бумага туалетная ВЕЙРО 2 слоя 4 рулона,,,3.86,3.49,/upload/iblock/8c4/mhnro2zla1hsjtv4dymhihrb1kzs52ub.jpg
Решетка-гриль ROYALGRILL 41*31 см,,,45.99,25.99,/upload/iblock/18b/6f01p2cz3h46lq2te25tkyqhgq2u8r16.jpg
ТЕТРАДЬ КЛ.48Л.СЛАДКИЕ МЕЧТЫ 8461,ТЕТРАДЬ 48Л.КЛ.СКОБА НЕОН,ТЕТРАДЬ 48Л.КЛ.ГРЕБ.КОТ-МЕДИУМ 984,2.99,1.49,/upload/iblock/ade/ehq4tjtrj9nglo5fre7b4bgd8h2ozl1v.jpg
ШАМПУНЬ ВИТЭКС ТЕРМАЛЬНАЯ ЛИНИЯ 500МЛ,,,5.29,4.29,/upload/iblock/303/lk18k5r29himo2tug825vz4acekhp40f.jpg
ТЕТРАДЬ 12Л КОСАЯ ЛИНЕЙКА ШКОЛЬНАЯ,ТЕТРАДЬ 12Л ШИР.КЛ.ШКОЛЬНАЯ,ТЕТРАДЬ 12Л ЛИН.ШКОЛЬНАЯ,0.29,0.19,/upload/iblock/540/zqlpengrbcrkkh0wt7fgi5vs00y036l5.jpg
СКОВОРОДА АЛА 260 АРТ.Р0026,,,54.99,39.99,/upload/iblock/7b7/yapcbqrmpqwye7u8n1bu3bky81gtb49x.jpg
СУМКА-РЮКЗАК ДЕТ.ДРАКОН RDG01,СУМКА-РЮКЗАК ДЕТ.ЕДИНОРОГ REDI01,,46.95,24.99,/upload/iblock/974/0rw2xzuwmufb8iajnq1syb31e8eok6jx.jpg
ИГР.КУКЛА РУСАЛКА XY8003B,,,52.65,29.99,/upload/iblock/30a/hu9ms7q09ckmznhyoxt4cru3ij64p7uy.jpg
ГУАШЬ 6 цветов,,,9.99,5.99,/upload/iblock/d8f/g90p2jm7uolok2lobb30tt5am2x20dc9.jpg
СТАКАН-НЕПРОЛИВАЙКА 210 мл сн-1 5495129,,,1.99,0.99,/upload/iblock/941/sot1ddqwmbhbo7awbt0pkbeuus47k474.jpg
ФЛОМАСТЕРЫ 18 цветов 1014660,,,8.99,4.39,/upload/iblock/332/qcelcgomivhj2p5fk1ypk52alh7qrm6u.jpg
ИГР.МЯЧ VM-2830,,,34.99,24.99,/upload/iblock/e15/xp0kh10zppq4hua80i1xji3dxvjdsdlo.jpg
БАССЕЙН ДВУХКОЛЬЦЕВОЙ,МАТРАС НАДУВНОЙ ГАМБУРГЕР,"Матрас надувной ФЛАМИНГО, КЭНДИ ХАРТ, ГАМБУРГЕР",39.99,29.99,/upload/iblock/9ec/7gj4sjhrc4iump4l5bmqvfi4m0vlb9xz.jpg
МАТРАС НАДУВНОЙ 76Х191Х25СМ 64756,БАССЕЙН НАДУВН.ДНО ОТБЛЕСК ЗАКАТА 3 КОЛ.,,80.09,49.99,/upload/iblock/b15/ufpfmks76s5jy0lk2mdvzpeu3lloqm6u.jpg
МАТРАС НАДУВН.КВИН 64759,,,169.99,119.99,/upload/iblock/51c/9eoba10zpbbhxm7k8ymzwjx5yru5n0eq.jpg
МАТРАС НАДУВНОЙ Д/КАТАНИЯ,,,89.99,59.99,/upload/iblock/4fa/bwdwdq421iqjzbr272o2psu3dhz6f8ou.jpg
МАТРАС НАДУВНОЙ КРЫЛЬЯ АНГЕЛА,,,129.99,69.99,/upload/iblock/dbe/x310p4mgc198y00j6wp5tj8dra8p0d5z.jpg
БАССЕЙН НАДУВН.1-3 ЛЕТ 57113NP,,,129.99,79.99,/upload/iblock/f11/06pb5b53aij1qwv1089g8uyczpzyz25a.jpg
БАССЕЙН ДИНОПАРК 191Х152Х58СМ 57166NP,,,260.05,169.99,/upload/iblock/857/b5ns56upw0qs3xlmj6pnkqt6199fk0r6.jpg
БАССЕЙН НАДУВ.3 КОЛ.ГОЛ.168Х38СМ 58446NP,,,80.09,44.99,/upload/iblock/1a4/4tgk0zh3cfctd4i4cu79tn2ciyl9byg8.jpg
КРУГ НАДУВН.АКУЛА 173*107СМ 455259,,,42.99,24.99,/upload/iblock/1d9/tcl4d7ec772jzu16cwydcx2rt2s0kcsd.jpg
МАТРАС Д/ПЛАВАНИЯ 188Х71СМ 59894NP,,,50.05,34.99,/upload/iblock/949/xq86i3g6acwj5909lhyzuzzq64imn8ln.jpg
БАССЕЙН НАДУВНОЙ 183X51СМ 57392,,,140.09,99.99,/upload/iblock/4b8/g7rv9qqaoi962dy5j06h1ntv0rtrlm6a.jpg
ГАМАК D33203,,,50.05,29.99,/upload/iblock/80e/dke0r519i8opehjwcjx0z8mfdylhb7wf.jpg
САМОКАТ РОЗОВЫЙ MG03A-PNW,САМОКАТ ГОЛУБОЙ MG03A-BLW,,90.09,59.99,/upload/iblock/ed5/0nc8tvgw2j4q2f5pn9cnu3ubumupl8h6.jpg
СКЕЙТБОРД JP-HB-311,СКЕЙТБОРД JP-HB-312,,79.99,49.99,/upload/iblock/a2b/a0sfs2v8i4l8p7qrfv5zlvakux8ag1sc.jpg
КОФЕ КЕНИЯ АА УОШТ МОЛ.250Г,КОФЕ АРАБИКА ПУРО ЭКСТР.ЖЕНЬШ.МОЛ.250Г,,40.15,24.99,/upload/iblock/02a/02pae1eh4u2r6ryrua1yn9q8hja5cy8b.jpg
КОВРИК ПЛЯЖНЫЙ PP СЛОЖЕН.180X60CM,,,14.99,8.99,/upload/iblock/18e/40wjjdf1wvv1gznxxnxv4y98s754vyh6.jpg
КОВРИК ПЛЯЖНЫЙ PP СЛОЖЕН.180X90CM,,,21.99,11.99,/upload/iblock/ca2/uxf13h16gxeb1tc2j46hxvtnignpgh89.jpg
Гриль BBQ  с деревянными ручками,,,99.99,39.99,/upload/iblock/73e/yr32q3jflvtw83abqziov7spgfeu4c5q.jpg
ЛАМПА СВЕТОД.АСТРА A60 14W E27 3000K,,,5.99,4.49,/upload/iblock/68a/l3i9pdb0ucrcx3i2f4525hy6m2ilnscp.jpg
СР-ВО ЧИСТ.Д/УНИТАЗА БРЕФ ЛИМОН 100Г,,,10.99,7.49,/upload/iblock/282/5abxlwx4p7juuqr9aqwng1pa2yab0tq3.jpg
СР-ВО ЧИСТ.Д/УНИТ.БРИФ ЦВЕТ.СВЕЖ.700МЛ,СР-ВО Д/УНИТ.БРЕФ ТОТАЛ ЛИМ/ЛАЙМ 0.7Л,,13.89,8.99,/upload/iblock/931/tso3e59ih8kbpz4whd9ogmqkckmtz5dy.jpg
СР-ВО Д/УНИТАЗА БРЕФ ЦВЕТ.СВЕЖЕСТЬ 2*50Г,СР-ВО Д/УНИТАЗА БРЕФ КОЛОР ХЛ/КОМ.2*50Г,,12.99,7.99,/upload/iblock/40f/m2lzcj1boypebzzi59htyoiyz3ykhvtp.jpg
СР-ВО Д/УНИТАЗА БРЕФ ТОТАЛ АНТИБАК.500МЛ,,,12.99,8.99,/upload/iblock/7f4/3gwkzu01g4z847dzfw7c8b00vz1qzg9d.jpg
СР-ВО ЧИСТ.Д/ПОСУД.МАШИН СОМАТ ИНТ.250МЛ,СР-ВО Д/ПОСУД.МАШИН СОМАТ КЛИНЕР 3*20Г,,12.09,7.99,/upload/iblock/265/4depuv6zwalmp1o3n625u5odrfjzrt69.jpg
КОНДИЦ.Д/БЕЛЬЯ ВЕРНЕЛЬ ГЛАМУР 600МЛ,КОНДИЦ.Д/БЕЛЬЯ ВЕРНЕЛЬ РОМАНС 600МЛ,КОНДИЦ.Д/БЕЛЬЯ ВЕРНЕЛЬ ЦВЕТ.ЗАРЯД 600МЛ,9.99,7.99,/upload/iblock/bb4/90tsf8h35wxmusu9w9hu6sj5bhynz535.jpg
ПОРОШОК СТИР.ЛОСК КОЛОР 450Г,,,4.99,4.49,/upload/iblock/e88/4p3wjoz34hry92wd49m6wvyrm4ya55h3.jpg
ПРОПИСЬ-ТРЕНАЖЕР АВТ.НАВ.СЧЕТА 2057 ПР.,ПРОПИСЬ-ТРЕНАЖЕР КАЛЛИГР.НАПИС.БУКВ/ЦИФР,,7.99,6.49,/upload/iblock/227/1jbgpdv5g3754atz5cvmkjmnaloca025.jpg
ПРОПИСЬ ДОШКОЛ.ПИШЕМ БУКВЫ АЛФАВИТА,ПРОПИСЬ ДОШКОЛ.ПИШЕМ ЦИФРЫ/БУКВЫ ПО КЛ.,,5.99,4.99,/upload/iblock/9be/wz9r159lyp2f3pz79g1dzcbq3uut1bnr.jpg
Конфеты СПАРТАК ассорти 171 г,,,6.89,4.99,/upload/iblock/a31/l32lfy9fe81reec2ciswjhckcue0oid8.jpg
Палочки крабовые УМНЫЙ ВЫБОР охл. 200 г,,,2.29,1.99,/upload/iblock/98f/deuoctd6uqy2j9k0bx1lkogyfdt2tydp.jpg
Вафли НЯМ-НЯМКА 200 г,,,2.69,2.39,/upload/iblock/94b/978wlz868y8xs0jurbjb2cy1iy2sde9z.jpg
Горошек БОНДЮЭЛЬ молодой 425 мл,,,3.99,3.49,/upload/iblock/4b1/0jbxa0ms11n43v6iyvkajxky0e348hv5.jpg
